show_id,A,B,C,E,G,H,I,J,L,M,N,O,genre,A_was_rescaled,J_was_reconstructed
TR0162,1.95298715895465,0.7278515574830383,-0.9917012248478574,-0.963063070434764,0.1144226289941197,-0.1962585153932989,-1.7563064808406108,-0.657112636822833,-2.721111580491093,1.56658827100373,1.9588196901051564,0.3458983369222949,Comedy,0,0
TR0369,-1.9305283448728925,0.3823814632767953,-0.0646090023154047,2.914042435789199,0.4078912495514474,-0.5029934193225336,-3.945437203930165,-1.133634887676647,-5.191644224296033,0.9682561674404032,3.495377707176643,0.0745013421905169,Reality,0,1
TR0496,2.0737623300054637,2.189929093900891,1.954999956580132,-0.0009968538844636,-0.1055667352662352,0.7396604519905866,0.996839393688192,0.3580360199097006,1.733184850171291,0.7272388953157527,-2.405798482715629,0.4878443440379787,Comedy,0,0
TR0077,1.5329459712621882,1.7309011321280676,1.161216876853849,0.8268575814550745,0.3306302881384967,-0.3546699928447082,0.0742314017786694,-0.2432581473543867,0.0145271494840449,1.0351395618536,-1.2020161182535514,2.03010233598985,Comedy,0,0
TR0458,3.429762376435786,0.2676272953793459,-2.160986809368687,0.4510561889470149,-2.560432597836564,-0.759100538455393,-3.081075311160509,-0.813408725214453,-3.940172019672387,1.8196330262061948,3.816916116516427,0.6971513224662796,Comedy,1,0
TR0059,-0.8649340887038961,1.8560184200557293,0.2818866802811627,-0.4627280119324066,-0.1226873804521179,1.221092705921114,-0.8680505612503053,-2.5325718050883177,-4.361844018195025,2.790683079057194,-0.5570261736673643,-0.0900733994016893,Comedy,0,0
TR0474,0.6919708462930236,1.01056960702424,-0.4375319393823366,-1.1509065832894931,0.0183098451684571,-0.325840572823498,2.1160157085644498,1.2241745140866127,1.2556507825891166,0.9712840198992182,-0.6352745682971216,-1.004761722540214,Comedy,0,0
TR0422,0.84389376998833,-0.5176571899379356,-1.8099449819410909,0.7320163200843489,-0.216386370932258,1.769577848639435,-1.3996709785366337,-1.100591244736937,-2.79287635152008,1.032722012295758,1.9934116645330149,0.3050437938950655,Comedy,0,0
TR0163,1.2280928635305006,-1.1006504770227543,-1.9674087887835217,-0.2609987261325384,-1.7569699942061747,-0.8629768274678831,-1.1546172270232398,-0.9281989013664984,-1.8684007604195116,0.4154211648751427,1.809315674492595,-0.2394302091453193,Comedy,0,0
TR0075,-0.2635336462035675,-0.3951274186216834,-0.3772263678788521,-0.0012037065343986,0.6894965945453907,-0.4038969737242917,0.6878334682952723,-1.4453562361838657,-0.4969443525994806,0.3746732265037195,-1.3383831687671712,-1.2192211398408523,Comedy,0,0
TR0536,-3.915568857082752,-1.4014905347265372,0.7306377653225176,-1.7084839573985746,-0.2256579889061313,0.3902558559617264,-1.5330211768005282,-1.9491676487332383,-2.0220007870079657,-1.0915623146161129,-0.1704978603856193,0.8706267981093228,Reality,0,0
TR0215,-0.3361186224331278,0.2234319541668085,-1.3877336173263248,0.44243323265518,0.6787935757425131,-1.2815389223899936,-0.3361341334218763,-3.527533781190093,-4.394538329181471,2.507858217942738,-0.6747012601051928,-0.8473879239262883,Comedy,0,0
TR0528,0.7134030208824388,-1.2139863154643855,-1.4208231481751152,0.5031633459957572,0.5695910756466253,1.9841397526508189,-1.6759603936956131,-0.8745049587876756,-1.785245762664265,-0.0875373187379698,1.8951755925308529,-0.5843677351936934,Comedy,0,0
TR0431,-2.6233154522010897,-0.3386767831770002,-0.8314781110963405,0.1779646053841764,1.118919382940806,0.1724917548913225,0.7536809861226246,-3.673974737536035,-3.50290734129549,1.7377428959999763,-2.0357890483764134,0.9516330560380792,Comedy,0,0
TR0434,2.138048189420334,1.8968041282974653,1.9589426981063105,-0.3809281713661144,-0.8809734881587847,0.1268550241493256,1.4775278775662124,0.3842777416119001,2.4690912923831894,0.3934495791746304,-2.933274509607016,2.2122638711109306,Comedy,0,0
TR0346,-0.3817176738128904,-0.6045249266657119,-0.4084837713118097,1.090662659240763,1.656137065389433,0.4113284412353093,0.4272036203116656,-1.0644058813789419,-0.3238373266037782,0.0384412254631375,-0.8283844874393769,-0.2483380960820608,Comedy,0,1
TR0005,1.888571764753485,0.1817098600629108,-0.3672313461527998,0.0991285492914372,-0.7577511050136774,2.444242854727717,-1.5673756025434906,-0.0041055023305196,-0.9501297036465376,0.2933045702307497,1.5144217931503494,-0.3578908845548504,Drama,0,0
TR0056,2.1512728974206707,0.381794032264534,0.17691172256689,-1.1388829412997687,0.4622713734770098,0.9297031772140152,1.3195238519804586,-0.2974683949562582,1.6180632091561244,0.2430907225397904,-1.94513999192742,-1.0910260420879312,Comedy,0,0
TR0301,0.4128836645458164,0.8142614469767073,0.5455049250379966,-1.215888741757774,0.4552814395798389,-0.5513741367486439,0.2787586501725387,0.639304399377894,0.5442021208781413,0.2505436362538901,-0.2181827866993433,-1.1802107937603312,Reality,0,0
TR0174,-0.5616769206811867,-0.6727968807403221,0.5634075356757383,-0.8202110079449875,-0.3726561930876411,-0.1441427158237143,2.51854252394518,-1.6692215588931876,1.9455263988360196,-0.4811334633577715,-4.132904074906702,0.3721035256187224,Comedy,0,0
TR0287,0.4171564887211663,1.4204790616671632,1.230025846212036,1.5753162460829189,-1.0633497687897473,0.1993903055300512,-1.354378141964855,-1.878712715659656,-2.280780686813785,1.2887927032829478,-0.8979060242675246,-0.3035576904619597,Comedy,0,0
TR0182,-1.798778357674219,0.6782933898486674,0.1892276773954647,-1.1913463845915155,-0.5013839518651247,-0.7126689200063213,0.0571681137267596,-1.3260858013582983,-2.145614667946392,1.2227126346345345,-0.6305621214829114,0.1378113304378324,Reality,0,0
TR0506,-0.3351680680519548,-1.5942246802695064,2.198428734640921,-0.1809519860926487,-0.23548037454779,-2.9316416271310777,-0.6479533072596393,0.13676276010802257,3.4097144635153964,-3.3694324594310023,-1.702796313925427,-0.3141960333674379,Drama,0,1
TR0308,1.428598510666813,0.5751064398859189,-0.5430823159684015,1.0585816771868732,1.109709522349643,-1.3590028347475545,-1.8858961797254956,-0.8757606189025994,-2.5718555513099166,1.1925306155420832,1.569976424654086,-0.508451157994838,Comedy,1,0
TR0136,4.081154199338873,2.3625906164654564,-1.0494608980553606,-1.2372231359015298,1.3501065478798628,-2.0072045746507565,2.0944073004699844,5.418232021624457,3.440208360680329,1.1549155702882412,2.5334628924976794,-1.1300368226926614,Reality,0,1
TR0523,2.204001491513929,1.8946177614966715,0.3322164986105824,-2.825465346208419,0.3961332250155248,-0.8182164705108976,-1.706900009992835,-0.5486428205031221,-2.323455245344549,1.8418039516821405,0.9753258066799112,-1.4326425493941914,Comedy,0,0
TR0360,-0.757043368807087,1.1832510776088674,0.4483328581780483,-0.849021351862043,-0.4751992167106021,0.2292938915171196,0.8980196556341391,-2.181567789447605,-1.815163789736956,1.821174023584403,-2.3383739317147065,-0.3858692970887471,Comedy,0,0
TR0264,-0.6533639491478289,0.8767776283715148,1.1879970374481237,-1.028990444078413,0.3957302652165845,1.740617348174416,-0.5653459821979782,-2.139344096084643,-1.7928328620335836,0.9080592715953644,-1.7156815884939487,-1.1454059365104994,Reality,0,0
TR0542,1.9479180481596643,-1.3442828437618324,-2.605381601174891,0.1904087070410232,0.3161045167878965,0.3471111960214851,-0.0967649299902647,0.7362474469897632,-0.0473408206901927,-0.0225318203367677,2.354501899158432,-0.0875046793417057,Reality,0,0
TR0041,1.8655279303631185,1.1205950192532823,-0.4853587696903998,-0.2051411384495402,-0.7343984709786331,0.7028099955750022,-1.5392508090858872,-0.2677237502962573,-2.2160463971879207,1.507976638587194,1.65596422790138,-0.3966303118336512,Comedy,0,0
TR0580,1.3703974114826774,-0.7622620917724056,-2.037911972669936,-0.2044698627148818,0.1594925769033595,0.3709089944996467,-1.025505183913169,0.1869451522911027,-1.409309246470592,0.4373632405759424,2.577545833881899,0.8967590499505691,Comedy,0,0
TR0563,1.0792695921435822,0.0629678074566426,0.2010577086141087,0.4270685272725238,-0.1327979589948497,1.567736204171263,-0.4192795961059491,-0.088513529539148,0.2523207089190116,-0.1365161565896128,-0.0453859656248722,0.6474063339008221,Drama,0,0
TR0258,1.89887202239482,2.0048645876697444,0.0601881801339884,-1.3001510937068186,-0.2415702505293643,0.2773678605395421,0.8730552252884529,1.440549082743937,0.4525301158274985,1.519063498003197,0.2376449192374934,1.1851156027904015,Reality,0,0
TR0111,1.4992552110335695,2.7201080723807216,0.3982315371558944,0.2593800304314392,1.3179261231168116,-1.956294640200036,1.8989610120989489,1.3934883342713753,0.6548468225394468,2.1264375055124827,-0.8341347287742641,1.387355864336396,Comedy,0,0
TR0115,-1.323688563906945,-1.230345497453928,-0.8986691223305547,0.9668542176793664,1.0699037315381823,-0.9788017466517356,-0.3743852206246328,-2.795698605914127,-2.366615310636249,0.3750932110688076,-0.7686456112228158,0.2897430463519465,Comedy,0,0
TR0076,3.1450235674878035,2.4504631088530293,3.0541171981119284,2.7039695033922704,0.4515078539127465,0.7024636447848641,1.3875995549054698,2.301277168774836,4.672479145932757,-0.5407683138252566,-2.621520306637447,1.107383081169563,Comedy,0,0
TR0112,1.4852423715213512,0.7926921988290536,-0.6930734089587903,-0.0311690698039661,1.216642359066587,-0.011868008556482,-1.863967377615494,0.1517743208854769,-2.250314541918742,1.174791216109281,2.441415011782265,-0.6364501757442653,Reality,0,0
TR0585,2.134102562024581,1.626331345486338,1.7315349195213463,-0.4663631694842723,0.2344246252235635,0.0321925201129474,1.130037369103841,0.127329323117442,2.0710087038754037,0.3450357934164152,-2.631351220387383,0.2516200497175658,Comedy,0,0
TR0149,1.4448732496804353,-1.1112330426075283,-2.003411850532657,-0.730363774333366,-1.011959973785137,-0.6647928525952216,-2.6034710052577408,-1.849238984457137,-3.5324666215478207,0.7165485686123456,2.541155956197452,1.7468544332623164,Comedy,0,0
TR0014,2.1386904941411147,1.0538942891375238,1.0571642083884625,-0.2621172441957763,-0.4199241738963823,-0.2101041343833807,1.511061348313297,0.1056382835824643,2.247747642429123,0.2120122251445185,-2.513156264759965,0.6466440985482518,Comedy,0,0
TR0490,-0.2142182891142503,-0.4042676554443495,-1.063401777245204,-1.852126954589821,0.9537944723113508,0.2324981326900895,-1.241490732001696,-2.817714739963475,-3.594319109058685,1.31105909623338,0.1871382081174234,-2.345708842248594,Comedy,0,0
TR0249,1.4293829378991307,0.3475122959506608,-0.5446044339582994,0.9577457687682256,-0.0036476874703521,-0.5525145702667511,-0.6636026218679867,0.0941826086050251,-0.7453282005041831,0.6182117204683225,1.0213174634652835,1.613882477469589,Comedy,0,0
TR0225,2.2312149877764007,0.5488545550884246,-0.97326324558773,-0.2990987176499485,0.3928177683020299,0.6013635739626837,-0.7853949825373336,0.18115490410277957,-1.080566954813537,1.052089618856315,1.4979994679364386,0.5566296030509706,Comedy,0,1
TR0063,0.5213897242120829,2.3593435821647444,0.2183299035371726,0.752354428068569,-2.0569505365685243,-0.5390234327198618,-1.5907032120372997,-1.8997793901869395,-4.481474739574535,3.047624934832146,0.4828278398648228,-1.0847657836668037,Comedy,0,0
TR0577,-0.0362275817212091,0.7212882109444378,-1.2787855877972765,-0.002959948324355,1.9655780016912456,-1.3947868310303886,-1.6544472484068438,-0.9361002123071448,-4.026965736996642,2.0251675426625715,2.3236183655351725,-0.2604361486396949,Reality,0,0
TR0047,-0.0069691875598052,1.3923741927994884,0.6839827057744189,-1.1601994791478347,2.645500437364312,-0.2381006622349083,-0.9237469179600292,0.4652305497303037,-1.1666439654668257,0.866674007337202,0.8977170729351683,-0.1003561850432197,Reality,0,0
TR0517,2.2964835731296365,3.386900406624223,0.7522979114219885,-0.0053233661821417,0.8578087342195349,-1.9865900826054728,0.1566946423229367,1.5257410037182602,-0.5919166968827381,2.472423286138701,0.5886039263662165,0.6968868448747373,Comedy,0,0
TR0464,0.3219653969604947,2.0925151100477795,-0.6664708371080426,1.647238657662678,-0.0003135931130094,-0.0461419180068417,-3.498207859770882,0.19816913390181368,-5.37208346995916,2.643185549449292,4.547708888385585,-0.1726677131908579,Drama,0,1
TR0191,0.7796336217958284,2.0786976148138585,1.4685019886795614,-1.0460420349368582,0.2591558132047141,-2.5158306235445926,0.0875333713570354,-0.3852807622128795,-0.4516973445834683,1.307824068202645,-1.3714996177744332,-0.5977759131300299,Comedy,0,0
TR0330,1.6045945833637856,1.6476303331181013,0.1206917905861409,-1.3050293125661188,-0.4490237408579292,0.6799227328282309,-0.4593693303191584,-1.1616935211348263,-1.9757740176600929,2.002350708565152,-0.3770772854063901,-0.6527806440750685,Comedy,0,1
TR0172,1.913976209950796,0.7088407314082611,0.7930903903939849,-1.1763477517316336,-1.5049462357150325,0.5793685561424373,-1.3229837280715542,-2.224531363485929,-1.5102780947041452,0.8208830920358143,-1.217696395390649,0.4524350362623893,Drama,0,0
TR0590,2.407724944704669,-0.21049257361252,-0.2786473015171633,1.4567956245241325,-0.7193994477225576,1.5645849031723968,-1.2337830673161645,0.6863331027407698,0.5002173841729322,-0.4826219005125185,1.3913171547869454,2.0277037284827566,Drama,0,0
TR0299,0.8064844927196616,-1.2543010751062091,-1.971396112778371,0.306751780424506,-0.4352248220772378,0.7450553617759014,-0.9969865338681064,-0.5331735434400744,-1.5252217574269502,0.14604723133803,1.9783068208156087,0.8496374554382766,Comedy,0,0
TR0025,1.821290111480208,-0.3718902095357251,-1.7422345554879874,-0.6065673054851061,0.7427313417478805,1.4725259607044792,-1.3353180892617706,-0.6175089036883001,-2.0639891865090303,0.8971894469932017,2.0484871459003475,0.8466272309596973,Comedy,0,0
TR0263,-0.1185963591077554,-1.3072577863762942,-0.1059340913981576,0.6915175514338551,-1.389902734373749,0.4914622406296605,-1.3724708434588972,-0.9800223678301244,-0.512012261932981,-1.0288803324267444,0.4271436320837865,-0.230807964735446,Drama,0,0
TR0084,0.4878597671817755,0.7982092651226573,0.5039628443795732,1.1820738976878873,-0.2575497430644182,1.3713749688839725,0.9058508727335264,-1.1977731396080995,-0.1419369234655118,0.911068090525668,-2.057145988364854,0.4441109478322056,Comedy,0,0
TR0309,-1.6832308296203398,-0.2214735774569012,1.449139416521087,-1.2325351560133793,-0.6153144384525302,-0.6439460840894216,2.3428147073661783,-0.0641373348525853,2.7922870644557984,-1.0979819371912731,-3.371217676346542,-0.3442146787186509,Comedy,0,0
TR0300,0.1219899008958123,3.4893636800393004,2.2470526137255247,-0.4772513036359651,1.6024252579249714,-0.2206450094918187,-1.1923427930819654,0.0258555142412049,-2.150994329728113,2.1930330530219244,-0.1322914000070085,-0.3615157990602218,Comedy,1,0
TR0213,0.2104949510764691,-0.5967941742757726,1.626976139012003,0.6340828832013963,-0.106253095144422,0.596478279292073,-1.0978271370291282,-0.9890432112363844,0.9313482049583218,-1.5128863201810767,-1.366687623927843,0.5288832439943889,Drama,0,0
TR0303,3.3814968300107733,1.9199992000270063,0.9432086934938853,-0.2456862693056694,-1.7563911483985484,-1.2057070116958886,0.2215757063985058,-0.4723871152594213,0.400632183486928,1.3346179220909709,-1.6026656655274898,1.0995254344465824,Comedy,0,0
TR0184,-1.1395208937463892,-0.8819651348877898,0.2171639252407508,-0.9517501365862596,0.5928038552645825,1.3472358027202056,2.483800068082541,-1.9529701279021328,1.3244814999347114,-0.3167274005090075,-3.908113950931817,-1.2210932988724947,Comedy,1,0
TR0466,2.2609908720537293,0.6601405517916616,-0.6064406232988768,-0.9208979140271276,-0.8495892538102299,0.4642604057858371,2.750079907219451,1.4376855811161469,2.799709301952282,0.5141989727653794,-1.32028637450548,0.6011576770320904,Reality,0,0
TR0414,-1.8691938531954568,-4.131552533955106,1.0059987234227985,-0.2203608302436934,-0.6801783086438452,-1.1791225318903846,-1.4324985875151373,0.3139600351255032,3.603711940703624,-5.257116572007118,-0.0423833100490398,-1.205730510109127,Drama,0,0
TR0265,1.3446585617039193,0.0560055948075631,-1.0776061047091705,1.3965539269899332,2.3897774568717023,-0.5188875511929708,-1.8897363916248897,-0.96953492520708,-2.693795306008699,1.0448772354221438,1.9020661743571128,0.8033586766851512,Comedy,0,0
TR0470,2.9052193855494703,1.5789486347446722,2.753312553919001,-1.8169067072830685,0.8876637723553894,0.6681348416389724,2.386789953707777,1.2458532708480277,5.262764690400883,-0.8809211070306509,-4.182609151835443,-0.4554089318194826,Comedy,0,0
TR0017,0.1053046749079045,1.7411832694564695,2.025183937073953,-0.4917203544476977,0.4354216769998719,1.097936961679578,-2.122955509126559,-1.4881146953328692,-2.274155819871144,0.9471784214082458,-0.511812726382467,-0.7535289073587164,Reality,0,0
TR0185,1.9808790439969928,0.035802599208638,-0.3328679489050623,-1.3888569250991238,0.1943412579320412,0.9856506091661196,-2.24506909887194,0.8164803527844221,-0.7223467869985608,-0.1972819829756357,2.636181748683393,1.108360464194876,Drama,0,0
TR0504,0.7622963376460095,-0.0980557074379421,0.3743879471114358,-0.1987778289680596,0.417487971501272,-1.4605661308955038,0.0440999503274793,-0.8558093786534751,0.3274832088926909,-0.1372912771748167,-1.156487811286573,-0.5419175580801601,Drama,0,0
TR0362,3.518625848897972,3.152295224779413,3.0270252557223483,-0.5139068250341923,0.2528568465905298,0.1838624198989285,0.5728680038305597,1.625319306227649,3.0017434876388496,0.4488790859942283,-2.1848059437547125,1.50665396146274,Comedy,0,0
TR0186,2.827742400259292,0.4993927502180997,-0.7322386695564367,1.215491779959441,-1.1033929004057113,-0.5157846605269131,-4.499928074887276,-1.4104117892931685,-4.456093077248581,1.285648190370558,3.575158391404878,0.7201944589195566,Comedy,0,0
TR0141,-1.585306931027681,-0.5374725982680678,-0.6521863164389364,1.270198374095622,-0.0579412042054566,-0.0875928789799459,0.7243454030143819,-2.3292626944653487,-1.784975386855742,0.833094104862083,-1.5017218867709516,-1.3150068610686911,Comedy,0,0
TR0030,0.7044133951589129,1.541168455686826,0.296617099376151,1.2078773756872545,-1.5194441978502269,-0.6350151804304017,-1.1976408271728127,1.3190095582120618,-1.0689402318300325,0.9485335716442818,2.011856908698843,0.7798647258017012,Drama,0,1
TR0358,2.0120876810288024,0.7213917359155374,0.7490583771633732,1.117426608072246,-0.1844237794271061,1.0751740274541497,0.2688511534185922,-0.5463637025960757,0.8134361229681084,0.2899997652217845,-1.5487567936464384,1.0556100776729007,Drama,0,0
TR0501,3.4022088724610797,2.123537693247975,0.9265654792707242,-0.1385100771664728,1.3867209578951727,1.3500923206907802,-0.0210404851286545,0.2587846103641655,0.4610396690375977,1.3089169157630265,-0.806694137954499,0.2509487834786322,Comedy,0,0
TR0397,-0.4742763172973814,-3.0300199952159974,-0.2999646543662895,-1.0124652960022111,-1.3291979754720826,0.0291121158509936,-0.3768353856728227,0.7831825214284853,2.847675883227513,-3.3657461691345025,0.5188217172274454,-0.285095376070614,Drama,0,0
TR0020,2.25906109904198,0.9658831010625368,0.4569125026960846,1.0702047771745598,-1.9680313008567285,0.6504480682223682,0.0775263129030148,-0.1502481403524195,0.4680540087445335,0.6080801896115294,-0.8047876068149941,0.2855785450376412,Comedy,0,0
TR0295,0.3017727810886628,3.489155119724856,0.4241368816818986,1.57490520477471,-0.4598819652471232,0.605187263040028,-1.847904006795496,1.7027876344754702,-3.421723713751042,2.8922003030506334,3.334823495353404,1.095248188414033,Drama,0,0
TR0497,0.1398248677888934,0.7462887961825958,-0.2994079630965429,-3.083333132300777,-1.0714503228567214,-0.0330850048265678,0.3762870589908589,-1.0683289401060458,-1.426732001857272,1.4074493411508318,-0.6506388745272735,0.2117976013482533,Comedy,0,0
TR0335,1.8879792571863507,1.384469222803302,0.9005040373216286,0.8160709521262104,1.336751340741902,0.8378965829016692,0.9778777066509308,-0.5001080164970303,0.8105386977161337,0.9150074799629176,-2.144853732406703,-0.3010602454075505,Comedy,0,0
TR0314,2.3492173389335917,2.203495493191879,0.6385538580656994,-0.523094951822765,-0.2378762881108518,0.8694287849376378,-1.844445036004113,-3.0881045389753847,-4.007180399699846,2.8409938110128694,-0.8827786473403175,-2.2030319286297684,Drama,0,0
TR0535,1.3028851613560497,-2.21512628321343,0.3593757839517065,0.3227192493500081,0.0187310917256748,-0.3583864293151455,0.0107482314000759,-3.2372150316507966,1.209364775031579,-1.6662668928862774,-3.380048499773612,-0.6591715614238062,Drama,0,0
TR0289,-0.3526445167673215,-0.4686861052381012,-0.2452484028202464,-0.5522797011323267,2.248070552919877,-0.3061097060280307,-0.70443158907502,-1.869188666688926,-1.6921276790036168,0.3359870931950045,-0.433776949986935,0.6373450117620981,Comedy,0,0
TR0475,1.352912212154074,1.7598904504751054,1.289923984853823,-0.1328262397020168,-1.64377552304211,-0.1633130314331151,0.6229264614070675,-0.0461166735615221,0.5969909110870526,0.9269798786220348,-1.6673560561540222,-1.1074773268281934,Comedy,0,0
TR0323,0.4077185829093402,2.2949044838834074,0.071165499763926,0.004724159931754,-0.0580735729144784,0.1376660610709967,-2.0144740748869383,0.2346710491878334,-3.5752948316904307,2.335533807508032,2.499370801809565,0.2425586367102705,Drama,0,0
TR0137,2.30606166008966,-0.4464783760948907,-1.9739888729348047,2.630302066442023,-1.2105349231700016,0.6220595603237363,-3.3764417235292434,-2.2005691017077376,-4.639052511684256,1.4719395020390322,3.004914486583081,0.2124474767726991,Comedy,0,0
TR0198,3.0565396389696247,0.853989003739708,-0.2074265350439859,0.3039769689648393,-1.3968908141675342,1.103229997673093,1.5079565034592817,0.5039810365638804,1.7994813208949805,0.6882521895578331,-1.265937914827295,0.3988569082396954,Drama,0,0
TR0027,2.379472994111384,2.95773021808857,3.616540731677119,-0.2287279102323794,-0.331967018408937,-0.2351633874777299,1.1920646861112842,2.721326818118465,4.501386818768771,-0.4754431489334716,-2.40529866632912,1.7603154718388292,Comedy,0,0
TR0023,0.7520977292782122,-0.7910077666015977,-0.9477790438974186,0.4933776415760266,0.8916641311430337,0.8298454600570216,-1.8522207692516,-0.9484083797519148,-1.8984010673076568,0.0585932033968403,1.6617472681136876,-0.4156864272231616,Comedy,0,0
TR0521,1.1649846940671604,-0.8570890386316498,0.7038848288632937,0.6244622196046704,-1.3232940850521475,0.1797772530861419,-0.9488690152994596,-1.80882486151091,0.2553299860846119,-0.9216587384723424,-1.4474549313578349,1.041839775261871,Drama,0,0
TR0016,-0.0799881734121026,0.9256468127293545,-0.6821937275097646,0.0706338503527441,-1.6807473487144304,1.603644404381731,-4.927219202100708,-3.890945228550344,-8.119659384960082,2.8191544271491136,2.893065841097666,0.8782098722846187,Reality,0,0
TR0426,-2.4399342251956027,-2.538808229664746,-1.0552136996014587,1.4724333329049937,-1.1986884833825422,-0.7151885990275344,1.0046609966130862,-1.5377729952720478,0.2263541408037386,-1.2882933999560209,-1.1746839034138472,-0.5158613159607723,Comedy,0,0
TR0560,0.9704872830615452,0.5011784586928598,0.0219878712823086,0.5966048632468549,0.1072721345690484,-1.0573198264842325,0.4790425907197818,-1.972357676737068,-0.95486160834278,1.1584944076939807,-1.895610040052317,-0.8666308970092379,Comedy,0,0
TR0511,2.598879220074693,-1.883506465005353,-3.000421748787046,-1.3027232454371127,0.3107225986878503,0.6462652386005561,-0.6846061105156296,-0.7489840090908733,-1.024298646980875,0.1295591223742602,2.004977330846612,-0.2738754060778359,Reality,0,0
TR0261,1.1898975461924317,1.3878386146722652,2.578009274650384,0.0036188722492129,-0.7425708307543895,0.2855866393436539,2.152691803400243,1.1389303723203903,4.239775857177303,-0.7932061071587388,-3.584796100082987,1.1090252913280672,Comedy,0,0
TR0549,-1.1698823660658115,0.8956854388050163,1.290789364041368,-1.4631307413605823,-0.4157268461338854,1.2509802451157568,1.092651462991356,-0.6137069328257858,0.3512406521498362,0.3823496402131878,-2.2334326219116,-1.1968945038692878,Comedy,0,0
TR0476,-0.1032626989095044,0.943873855964524,1.1443611092234367,1.8669043696448533,0.0241133530672114,0.2208441213195567,-1.0239495965931142,-0.7962533622739836,-1.15045282544085,0.4908707597282399,-0.4038950234663372,0.8715229653481377,Drama,0,0
TR0400,0.3021158947969121,0.2155539843803217,-0.1828324378213351,-0.3743601684098771,-1.992258554749745,0.9558135406770112,0.6087554796227683,-0.7039372905726753,-0.2555531993100932,0.6006146569474745,-0.8942224066771436,-0.9731850330680716,Comedy,0,1
TR0525,0.0971089429957556,1.428685814795981,0.0482704154404881,0.1874167429191892,0.0485729581855498,0.594631300235011,-2.440756009438924,1.9206994728839,-2.080917095618396,0.8237925222643677,3.930710875397708,0.5174760248858512,Reality,0,0
TR0447,0.7463312341668487,-0.3302893707419012,-1.3716095148684575,0.1063734735742548,-0.2499110771644681,0.095314465923872,-0.9182614987301791,-1.2650208234658966,-2.298886039800477,0.9958111337904332,1.0736010898675237,-0.6503664521851856,Comedy,0,0
TR0158,-0.7721955761661643,-2.436600148558274,-0.1768285546006356,-1.3155958530846217,-0.5419825786312817,0.2493562508591932,-1.8778846758897376,0.6802132834285735,0.971261496643908,-2.760516039074099,1.9620135694860263,1.309307367799498,Drama,1,0
TR0592,-4.001166928986424,-2.035495806201314,-1.1373787187197322,-0.9093404944486724,-0.1060740337920925,-0.9798025915590112,0.2179123743320095,-0.842000053979092,-1.2712564761735876,-0.8043482657837409,0.555218763881328,0.2810577181767015,Reality,1,0
TR0133,0.0423392524311845,-0.4129888585395253,0.051002454765065,-2.121469663773919,-0.0566472550622458,-0.150024047189139,2.071814909394456,-1.3348187401405092,1.2743547952186818,0.0019715214657805,-3.045411562548576,-0.018833592159842,Comedy,0,0
TR0069,0.4050654425421673,-0.2311629832027841,-0.1267570882223441,-0.4933798577729836,-1.770727599251538,0.2334219772683314,-1.113935663466264,-1.3942204037699724,-1.4847306858646447,0.2791205663598237,0.0828633996922251,0.6728532472959875,Comedy,0,0
TR0556,3.114112881838995,1.4797661765182255,2.040796442616967,0.6473669247860243,1.305033084760688,-0.1093422893519243,0.1779909359452984,-1.7760421690620638,1.0186326414249145,0.5385506666447339,-3.5550737452129884,0.8181276136866126,Drama,0,0
TR0593,-0.9627203662781344,-0.3159495151146818,1.721613434285187,1.1933974384056003,0.5211554810532234,1.08111460910121,2.617875954614588,-0.5469403341766663,3.412508699406412,-1.282635279749098,-4.3849662114582975,1.3152164752985915,Comedy,1,0
TR0235,0.2511262109622815,2.2251714128095137,0.9454889438864318,-0.1773177819213847,-0.2947598973332413,-0.126136237933167,0.2280412035421655,-0.9894800676152348,-1.6777465031802614,2.102490388032078,-1.287479236471059,0.1725013354364866,Drama,0,0
TR0571,0.7033040977522396,1.7275345642285764,0.2401909548382907,-0.783128899154746,-1.800528354171988,0.6509537842026696,-1.1890445930778355,-1.2391584100844588,-2.9706133779854182,2.094138626497377,0.3431410114072987,-1.0098840857469205,Reality,0,0
TR0366,-0.464790217905768,1.3732310546204798,0.0757835084110146,0.4289986078249836,0.7828893833428233,1.0781746741670128,-1.2227596985424416,-0.3422911065696847,-2.7543418014485885,1.600020401009691,1.2850585751206365,-0.0105626561263557,Drama,1,0
TR0085,-0.0816683316227497,0.0242225915652398,-0.1891932259648759,-2.979413772428979,-0.1994234226479298,1.1870981802516885,-0.9081883032663997,-1.5904891108465824,-2.005322867748022,0.7163738872015751,-0.0311968066302071,2.331771821671935,Comedy,0,0
TR0377,-0.7515475332343167,-1.3399952633506511,-0.6477470569852839,0.387954179490993,-1.2067447455189575,-1.5140520667523607,-3.0036178971099066,-4.768217577257139,-5.071331213691663,0.6857232017837432,-0.0040407481619316,0.6318250250643017,Comedy,0,0
TR0279,0.050762016589809,-0.0482695850548409,0.3978932736960712,1.4568495402710744,0.9409859267687148,0.8451531378894654,-0.65067559492112,-1.4232228357480954,-0.9393414741465068,0.1478973961336487,-0.7598152930489384,-0.975854275453365,Comedy,0,0
TR0465,0.5513140749306153,-0.1314689875168485,-0.5933674983861135,-0.7612385336022339,0.1406100257931584,1.1976891152712426,-1.9189347717762533,-1.5640759844726018,-2.757600402250591,0.7620044857168976,1.168695789373899,1.095045376518069,Comedy,0,0
TR0378,0.6769263329655657,0.8111572914948292,-1.027174349447486,1.81346902906795,1.864743824302759,-0.3397559088432544,-3.4518465645077523,-2.78907414490638,-6.142856365185059,2.513055668999256,2.402235227119694,-0.6939035255329965,Reality,0,0
TR0134,1.8269772582764596,0.0035746156972967,-1.1250608902978876,0.5716730098440395,-1.0315783595175716,-1.621505617978955,-1.6440710318403111,-0.9350336488108522,-2.252461362130468,0.9737177281269856,1.6313841319788311,0.0057028027662202,Comedy,0,0
TR0051,-1.1583104453511497,-0.0050770281653081,1.6025272208437458,0.3555962106658118,0.2881851014622487,-1.0582719616228886,3.005167443499066,-1.1592592394304853,2.78143511306654,-0.6181021873021675,-4.946485780057666,0.6676081003176835,Comedy,0,0
TR0558,2.2300668642647627,2.2413915733484178,0.5795438545296974,1.2753204367101951,0.0476321391662878,-0.4249670688824875,-0.3242423642699152,-0.7517102635677503,-1.4561641780602357,2.133883641716876,-0.6304628776006025,-1.1798328236216085,Comedy,0,1
TR0113,-0.4230271374949703,-0.1120110427564874,0.1713977418546681,-1.2301478665767644,-0.2000527093710714,-0.7282858959796853,1.04842464796959,-1.226373307634609,0.137360856541067,0.2324363831543934,-1.948216586495188,-1.5697525407187336,Comedy,0,0
TR0296,0.0897985963265212,2.618714577609912,1.1633227848579124,0.5301709629569028,-1.237703870177571,-0.8307864247277982,-0.2300306928218209,1.1915459299097653,-0.8850370458948876,1.6193735316836857,0.5713244898475455,1.0695285990538674,Drama,0,0
TR0354,-0.0696696549877058,0.7157655922206206,0.3486631871075781,-0.0634017926909002,0.6256339488544651,-0.7900913880162838,-0.4511372944097566,0.807113844051329,-0.2472937054931686,0.2535893580321346,0.8453382483354402,0.5541534655220604,Reality,0,0
TR0491,0.7159273565820925,0.5357986185543622,-0.5558033618890341,-0.5063241695055971,0.663717143196538,1.337154044097212,-0.0073478628127023,-2.113026863381855,-2.190359212972235,1.6759085785457557,-0.925981794867336,-1.2196447719426695,Comedy,0,0
TR0394,1.0453909119149274,-1.3722485894808982,-1.1990263711021327,-1.771100021082029,-0.6533412276686092,1.0310522043749433,-3.2323954099673777,-1.8796457182215796,-3.109483691376405,-0.1158758444426585,2.3684101397599604,-0.3648769792259587,Drama,0,0
TR0219,1.190562279942438,0.6924329339633131,-0.5014969265360254,0.8692626448242756,-0.9700390652374924,-1.8378436345687688,-0.4854868208972848,0.473654938774914,-0.7846368781889698,0.8554714570588134,1.2043038243221118,-0.960919123046033,Drama,0,0
TR0144,-0.0839179897530351,1.3340696795246962,-0.1079466619750629,0.3844812890050665,-0.5178809152382079,2.644386897263224,0.5749313440868906,1.0915204834241703,-0.3901317988152502,1.178694834474416,0.6551641373241891,0.2698598657420356,Reality,0,0
TR0154,-0.2001082773251132,-2.484226996620008,0.7956884704265393,-0.7259160194141804,-0.2641751381361973,-0.1450455078384996,0.0268118920724335,-1.0462676588036848,2.691800739802724,-2.9263289393510936,-2.077598418176338,-1.8044324898036856,Drama,0,0
TR0087,1.5415841993551431,2.107086544387869,0.5866048912517714,-2.305063074519377,-0.2018535265841143,-1.7024888648723844,-0.2140542871778239,0.078005698609381,-1.000107080582786,1.7458346909676203,-0.0714626717936302,0.1043811996940505,Comedy,0,0
TR0489,0.5027831484752943,1.3016126644041228,0.577952230944287,-0.3130689532779243,0.3599767056315862,0.6906512854373761,-1.2663119565900032,0.5714928777196895,-1.1512589415365764,0.7600725137907721,1.2757038076294087,-0.0178532626445389,Reality,0,0
TR0246,0.4750437502717299,1.931315989986359,3.181617370452953,0.5535023836786844,-1.0450254819238844,1.4266559049835543,1.731581302892967,1.2609886812778728,3.727114040576847,-0.6199668137446168,-3.3991561131276247,1.0196672750552631,Comedy,0,0
TR0201,2.8263131321562343,1.156927049384529,-0.8585048235199538,-0.032049760505097,0.5126356638439806,-0.0070099876523689,-1.346234143552742,0.4285873706192904,-1.6055872442003412,1.4972947107550532,2.1287930975988854,-1.6128854640018546,Comedy,0,0
TR0568,-5.218410419678296,-3.0372868833764923,-0.7297177510168902,0.7075433126760742,-2.529036792779402,-0.2641805755136775,-2.232528737174952,-0.0747094456991298,-1.784142343668993,-2.40694798781738,3.010328468428776,-0.8263316911851672,Reality,0,0
TR0280,1.4126186346273282,0.0246677819756859,0.3666631891259514,0.4590898605236592,-1.3480357042294897,-0.0976158933838392,1.4669156668598822,-1.4957758316180316,1.1953994463995667,0.1954982289991179,-3.0357593703512644,-1.7546789567767618,Comedy,0,0
TR0285,1.3300961098140398,3.794547728737229,2.633709070113581,-0.2142939866479056,-0.3672381339858103,-0.6073208892813668,-0.6166615793410042,1.008921186067795,-0.421468767686091,1.8161872201668916,-0.5254460288256687,-0.2769591482429389,Comedy,0,1
TR0348,-0.0922842569386576,0.9050944716132918,0.2408700121439301,0.9977746195004628,-0.0335526556030776,0.131615462586252,0.2276768479450036,-1.7454450484997202,-1.6845526327467193,1.4482297320703117,-1.4025575055419828,1.2371773680284754,Comedy,0,0
TR0046,-0.3376724313170511,0.7271489966379422,0.0584529089421427,1.2161728548322228,0.4726076254105925,-0.1386289692479403,-1.2491812523242145,1.238425483997839,-1.037370865071674,0.3341586199040849,2.229242373380605,1.214948180589048,Reality,0,1
TR0459,2.1828005625698976,2.8631416235484464,2.3260248333777582,0.0117115087909259,-1.2290445432884956,0.0101337176458435,-0.1033543636590454,1.6651322444090784,1.4477232894286018,0.7189523022574972,-0.6661346100485271,-1.0421646683662646,Comedy,0,0
TR0399,-0.9075651551864492,0.3719892937656303,-1.0718521536328771,-0.4638362176622573,1.588418910401209,0.1166804087963059,-4.891474904748316,0.0394314641621655,-5.76092071309689,1.174571357999762,5.95460405619256,0.8384239456930768,Reality,0,0
TR0461,-0.1057839736588951,0.2913640668961638,0.3330560483142059,0.3250484815376831,-1.6378378135901488,0.9254575047154994,1.292770164328617,-1.6690641485946889,-0.0630245226196508,0.6940834235150436,-2.598791825291881,0.1907694462636098,Comedy,0,0
TR0009,1.738433900897728,3.145199771071879,2.506006576104859,1.546975940671523,-0.0817765716008664,1.4882932720101656,-0.6238571775312884,1.1340831499808934,0.3856648614209098,1.1155996768995782,-0.5517900903021977,-0.0904243200060127,Drama,0,0
TR0297,5.165060707081137,2.4638567803750715,-1.4565000462968034,0.2338998210890407,-1.8406934603113407,-0.5926315785686229,-4.671621293223458,-0.4425971192328705,-5.71559359271282,3.4417934984258727,5.127532215552242,-1.43201239471032,Comedy,0,0
TR0405,0.5838559102225317,0.581770778712869,0.0141964644620808,-0.250101897775635,-0.0232969982195855,-0.0926086154676174,-1.3907658337222126,-0.6843118880572803,-1.864447237592569,0.805897934799601,0.868592020502296,-0.0488911142201692,Drama,0,0
TR0559,2.3483150744721453,2.816928081560364,0.4236449571578433,0.1465651371190954,-1.1098400960896155,1.753671702913253,0.1118383530643267,1.0220056519514604,-0.6788468672214385,2.2531874387760578,0.4438644621180869,1.761598169069105,Reality,0,0
TR0584,-0.4827217659979474,-0.6783178745830203,-0.939198559565366,0.3811203807626775,0.0517748341242558,-1.225401123683855,0.1585581414625605,-1.3849184535131038,-1.27075140739196,0.4563249983190037,-0.2904335268271132,-0.9581153752938156,Comedy,0,0
TR0050,0.4747204454651808,-0.4571230329474174,-0.2446926381873011,-1.7038863015835604,-1.410584324619759,-1.0649057306851355,1.6199250423584202,-2.1788755841940453,0.305370831546972,0.422135238933005,-3.0115907113309,-1.041095902819772,Comedy,0,0
TR0365,0.0212759820856589,1.293627437612095,0.9299668604274388,0.3330222759324711,-2.1526000733319948,-0.6216620730693685,-1.1427942398660664,0.0380911764111814,-1.2397747882956058,0.7257239874918353,0.5490129404640895,2.0202870779327378,Reality,0,0
TR0018,-0.482700493798152,1.471789203027692,0.3358769292885031,1.3964433059235086,-0.7151032804076985,-0.620795957866303,-0.6754425147075754,1.7287169956206183,-0.8220233006667872,0.8021108509235996,1.972303683853414,-1.008183873449097,Reality,0,0
TR0508,-0.6212448144092695,-2.7667872398010163,-2.210536105157181,0.1936139585841014,-0.3930987972957767,0.7586032205515321,-1.1804053930296083,-2.287455252473494,-2.125713222507985,-0.6197779339812213,1.0707283294267518,-0.2769886045697617,Comedy,0,0
TR0177,2.653410167047964,1.3646857690181744,0.7763252578729506,0.8362262255115807,-0.5966103287197481,0.0525609289059585,-0.2890234617416105,-1.4950535639668017,-0.5902424515999948,1.253860544916922,-1.661290632334359,2.1791712586422483,Drama,0,0
TR0550,3.986516607833128,2.8491888005065995,-0.7768528223193942,-1.0073700007155504,-0.3602849244613032,-1.3004728658082507,-2.1954861088340234,0.6413772954563293,-3.291227774305582,3.124117722316168,3.2016203491910047,-1.2509162562569232,Comedy,0,0
TR0052,1.039177253479448,-1.68501510732559,-2.037451698362859,-1.2999104420555727,1.2779862081921387,0.0453091176496397,-2.420395758864703,-1.2763510081292129,-2.6389494177535204,-0.0576765803646613,2.729299391879905,1.096913508977511,Comedy,0,0
TR0291,0.4685909009255957,0.0861058211701373,0.0917929096258757,-0.924508442770784,0.7747204786476911,1.8967459219754652,1.3906610816346436,-1.4564316275364235,0.3749203229215585,0.5220007698133812,-2.478866806692041,0.4349733538029652,Comedy,0,0
TR0428,0.4903700888520826,1.7781647662510838,-0.2333344619526038,-0.2388760629631472,-0.0121067805633641,0.9124559945842222,-1.1161078252603889,-2.1679360128931204,-4.162822479133638,2.835422231730317,0.1364659967879215,-0.3994694165821655,Comedy,0,0
TR0298,0.7156984038811725,-2.479562807167522,-2.3511475217069977,-0.3354609434039799,-0.5821307552661251,-1.1009513955239625,-1.8704427976806872,-1.339891937184708,-1.8938147783859,-0.6517896742489091,2.324940519364191,0.662231812529212,Comedy,0,0
TR0165,-0.4701927897830438,0.4833411482691145,1.0215129793273523,0.5996824266498455,0.0752659423688915,0.0704807941561546,1.3246481416819451,-0.1299388321666362,1.3146116794057927,-0.1013691686094838,-2.1034163781393107,-0.605221343482666,Comedy,0,0
TR0445,0.4723657648685008,0.765711081953093,1.3583415249646815,0.6623643932019012,0.5454990286069368,-0.3277648415780733,1.7804108536420111,0.1448087873170237,2.341761817571793,-0.1987603321636403,-2.7774604164868126,0.1605309038644383,Comedy,0,0
TR0124,1.0746297755005407,-1.9871304964642496,-2.693662670119572,0.2761581764735916,-0.0558650042569434,0.4456543204612419,-2.412016167378359,-2.1692686845247127,-3.568473016009781,0.3929425367438964,2.645917227083329,0.6410009174296656,Comedy,0,0
TR0574,0.8449957324468638,1.3562662607258045,0.3125551940465301,-0.1208331578178512,-0.626173112716401,1.0008083508011656,-0.0834393247245234,0.1077259644204675,-0.6996625967817347,1.1628825062585186,0.0319024339704344,-0.058783016151741,Comedy,0,0
TR0413,2.5294482064797243,0.1961662222366437,-1.0348174977439346,-0.3428035924328105,-0.8682634850067329,0.903910223716438,-3.5641655385522046,1.3613407194163258,-2.0655608574853184,0.2313669138552435,4.862379365208821,0.3430371561113428,Drama,0,0
TR0193,-0.6456413066398701,3.4654151947680454,2.4629076343685967,0.3688117714676193,-0.5621348832053032,-0.0777617069767131,-0.6951388107621573,2.173462856351056,-0.4700522266462205,1.32453788684333,0.8111998813002567,2.1233834782814847,Drama,0,0
TR0510,-0.284405218518444,-1.8303004588188527,-1.1922365964952004,1.0742663538913928,0.3296442500340648,0.1483084193442503,-1.475428097414083,-2.533423828511874,-2.2701415856894385,-0.2652696935411627,0.385862772003512,1.7204516792786968,Comedy,0,0
TR0416,2.080531362372059,-0.893988722045525,0.2273314627290419,0.4490355026741256,-0.7184442979584549,-0.6490334772382144,-1.2234672374249824,-0.7212227538870568,0.6973983619170243,-1.0788524784299205,-0.1728544999843236,2.402732041169152,Drama,0,0
TR0021,0.5089108775802915,1.6197075380036396,-0.1264052859012875,-0.0282680570640944,1.754662342559219,0.1920802430298445,-3.19883021562956,0.8043227347456297,-3.5950802320302784,1.5092639351683514,4.015825504672986,1.848768054698436,Drama,0,0
TR0029,3.954371856027012,2.3433837459492497,-0.3949200640266997,0.0002448149687454,1.9052107151782816,-0.7944226091011399,-3.6116782350525938,-1.025858369981994,-4.567067364469482,2.861384930597283,2.918251238544997,1.1863860786739728,Comedy,0,0
TR0125,-1.0811574602969931,-1.4955891099974834,-0.5752810921266589,-0.6604893671525061,1.4206551327736388,-1.321718868280824,-0.0769766094381918,-0.9368143564996654,-0.2016019829964283,-0.8190186528439665,-0.1905937203851408,-0.5918606957779519,Comedy,0,0
TR0082,0.5411422247262241,1.5764475938443068,0.4723779629587799,1.036231544132295,1.1291305504033653,1.3214484458203748,-0.0551372938226141,-0.5233018755520482,-1.2862988759743206,1.5371194336296634,-0.4671754413782308,1.7648631434961526,Comedy,1,0
TR0169,-0.9297811566647188,1.6844525627938238,1.3633303003855644,-0.0340627958213878,0.1742731640868957,0.0777440950231382,-0.434719697301609,-2.2946977152153467,-2.577433761170947,1.7505370556231148,-1.858485298617626,0.6477340099893091,Reality,0,0
TR0117,-1.2280021163265993,0.5792099578849516,0.0197658033370803,-0.6829167562302889,0.0156068474291157,-0.5178052509816158,-3.3155368986844183,-1.3819198645334578,-4.651693274893172,1.1638264037865356,2.559923284963193,-0.8397632194542898,Reality,0,0
TR0591,0.5098573479944739,-0.1241282447299158,-1.0672231341756522,-0.0574619220426553,-0.2070451827888819,1.352691834117997,-0.1594403293108455,-1.901705114118447,-2.1160081316595907,1.2569628204744356,-0.2764618329146421,-0.1753740788087724,Comedy,0,0
TR0086,2.582390689694362,1.7123753969114794,1.3347214626144617,1.0274186666917469,0.6016829082126239,0.0669355863281806,1.093855439596159,0.1056902288156553,1.7254674098515834,0.6966439221616543,-2.3013713681528456,-1.1629667275612967,Comedy,0,0
TR0073,0.6299030858049814,1.6582209800987162,1.667815769443928,1.468960114190181,-0.1561005959399569,-1.3692376746586248,0.735474840076686,0.3380511046746248,1.1077131939356262,0.467400162784429,-1.7533940227871183,-1.3294231502027345,Comedy,0,0
TR0233,2.91378639371967,-2.5702086974388485,-0.2079979908757137,-0.0014622632860032,-0.4832748704316971,-0.0603687460347137,-0.287826380227325,-2.6171460465650167,1.8858451598182937,-2.0005181136378845,-2.5316371808374645,0.064647979040301,Drama,0,0
TR0331,-1.0478978983294536,-1.354762354246586,-1.1792192779179442,1.6425556441632867,0.0540031853069596,-0.3957360416167305,1.4511311300272474,-2.9607158100241326,-1.074726559450497,0.5004273360560626,-2.43457479822816,-1.4117905649518556,Comedy,0,0
TR0597,-0.932567133345944,0.5753132787862869,-0.1723349863116072,-0.0617303432987801,-2.5373256798326707,-0.3357898379370613,1.41440523864976,-1.0126293402360351,-0.7509412990471676,1.2080551970058913,-1.5542880112513509,-0.2495356713669234,Comedy,0,0
TR0487,-1.6514156013288093,-0.0034673176201336,-0.0325421437332172,-0.8114920166963459,0.0124638177275519,0.9908366805859496,0.5946175389925629,-2.311094312867602,-1.811661667114271,0.9727245328629094,-1.806911519735178,-0.7844616604746563,Comedy,0,0
TR0486,1.9486995853875184,0.8752948260718165,2.5422156300159253,-0.5898959595548023,0.5082151917192099,0.399827528499831,0.2353983977680864,-0.7359809314295804,2.3638436741731894,-0.7599029269178031,-3.293994034699108,0.210812248848471,Drama,0,0
TR0094,0.283753166610282,1.4459881801582657,-0.6101113070148914,0.3782846568685313,0.7884701781459783,-0.6013284037352151,-1.9661063530717824,-0.4011717750979078,-3.834217159508333,2.124534681420636,2.4734276219679856,0.2750396246498624,Drama,0,0
TR0253,2.636352489471033,1.594370066295678,0.8673495808966676,0.4793436093036337,-0.0536488836868496,2.0150303585766767,0.5036241645324232,-0.2193876133082087,0.7062458593745365,1.00503168634012,-1.5619511486918054,0.7149117523087432,Comedy,0,0
TR0068,-1.4048087943451422,0.6936332500154636,2.3186439037694617,2.002196425778197,-0.0891540141516008,-0.5101643622763355,-2.228904692417821,-1.6867431019148025,-1.7712956125697716,-0.2289187334642539,-0.7949440723902828,0.3689326963074937,Reality,0,0
TR0505,0.8306045954142792,-0.2615292709840543,-0.7708960611463078,-0.4875431926184994,0.170345180469161,-0.3704794846528907,1.3605174808340093,-2.432461102065457,-0.6591646741299843,1.0735727795807817,-2.4617240777001617,0.6614812746009738,Comedy,0,0
TR0155,0.4305598168643542,2.8384610266133867,1.002655492003718,-0.9656977634952636,-0.5571431182664555,-0.132286512680929,-1.314846620992981,-0.8091001243995656,-3.275875454923032,2.638602476053614,0.3657953539399506,-0.6940496083665284,Comedy,0,0
TR0197,-0.1796276312395663,2.552218367603851,1.9278245290692912,1.4283663195954184,2.0308012446054238,-0.6561987642285206,2.695120092726481,-1.082898182244269,0.7005782226089542,1.8564759135875584,-4.460164538700029,-1.814298357557623,Drama,0,0
TR0242,0.1106803181764325,2.088337702453836,1.0827989467289485,-0.9815682573216146,-0.4529454198479986,-0.7714584389922005,0.1287321932762837,-1.2470407611364154,-1.6987947503345286,1.9533329354813609,-1.507304950777299,1.072779904286209,Comedy,0,0
TR0138,1.606098588789578,0.5188982063323007,0.1555363212113426,-0.7577607786247293,-1.2571215992358369,-0.955913166978935,-1.0032030634217572,1.0391518756485931,0.2371618455143815,-0.0479046803080454,1.3401165992859163,-0.3424352951811715,Drama,0,0
TR0012,-1.392096185880347,1.7833729342497466,0.2149151638598022,2.3126697758290957,0.172955689619134,1.3354322909249838,2.885409297595122,-2.312267950050609,-1.499016394629863,2.774318845699666,-3.8232949523657225,-0.1904209204851233,Reality,0,0
TR0370,0.1070397567826013,1.926923474856442,1.2455037940263811,0.208820893284816,1.6836339406501577,0.1786003834474654,0.0560818129980673,-0.8814649990173531,-1.181016643609335,1.5291019983411678,-1.3801316374270396,1.4778279475680969,Comedy,0,0
TR0268,3.126228153837268,1.6015795735978955,-0.4297927174986394,0.3697988930222628,0.6823553155651406,-0.3001953759881802,-2.5377089971129285,-0.4676502438592048,-2.999688206195431,1.9536754534491856,2.290622670768351,0.444844864278736,Comedy,1,0
TR0220,-0.4927920906174985,1.1152610231992923,-0.1026787421236715,0.8030662722509692,0.3288942924750252,-0.0632176248591966,-0.558484212998043,-1.839528867710919,-3.129731139056448,1.9817841916555072,-0.2660640358588627,-0.6622786848965402,Comedy,0,0
TR0209,0.7601074444762645,0.9573385379246216,0.2802854561174485,0.0016861192183843,-0.1027169991194539,-0.0149234260119648,0.6004263259976728,-0.736928216351223,-0.3622954836180657,1.0594600375210756,-1.2511584421697035,0.4092993779255154,Comedy,0,1
TR0539,0.5023549382721895,-1.5696272191542804,-1.411244255997568,1.4325397447695123,-1.431163759263267,-0.2327386198966491,-3.075083983646455,-3.121028133496778,-4.053413490032753,0.3015208212542349,1.6211477878403409,-1.5586594899833877,Comedy,0,0
TR0385,1.353004900158618,-0.5064306890887068,0.4345157788565732,0.1629387846954204,-0.4461482169589321,1.319446827177607,1.1358346248276412,2.2962047253140963,3.985606633032941,-1.771508104947807,-0.2964890795765891,-1.2588679024175229,Drama,0,0
TR0420,1.730040472056936,-0.4988920910359536,-1.2082321042075104,0.9278033585867904,-0.2723892855878761,0.8936049450846993,-1.973226584541425,-1.9699922704224777,-2.786711659655736,0.847040837252726,1.2042193089330588,0.0465924204841924,Comedy,0,0
TR0328,-2.105109446716341,1.7243354092283227,3.2335325272848374,-1.2551356562286478,1.933427875011652,-0.2899713876320416,-2.3468879728438297,-3.1411759609962253,-3.239457178272095,0.8143796700874163,-2.158374716040237,0.4682462700165375,Reality,0,0
TR0512,1.5702474068675911,0.1394787965800759,-0.7012137971848112,0.0302510453832497,0.3848021620402813,-1.429585955162474,-1.043665893547443,0.2274437300669172,-0.8413574731187147,0.4383931850824594,1.5433206555796073,0.2299895530863688,Comedy,0,1
TR0533,2.9313969062734184,2.0063319183412878,0.0491092079783874,1.7208850255344703,0.7005226248381193,1.290302862269025,-2.717200153191293,-0.0766256297918944,-2.896488518535184,1.9307486307755788,2.415164382124622,-0.6269868687507288,Comedy,0,0
TR0000,0.6264973171653555,2.685548244389361,1.0103404183734102,0.5975206329963129,0.9395945952577568,-1.7730543925258722,-1.5201168757368582,-0.962927423145556,-3.279176535938945,2.5001322976655107,0.3718227500733538,0.0662631626350742,Comedy,0,0
TR0200,2.088745342881649,0.1712931662940821,-1.342207778341272,-0.6014012863647967,-0.1585612556729989,0.9719677602554448,-2.6322508220950995,-1.4552992962829867,-3.6515732389063,1.4634433480322355,2.4085999888162477,1.949668331962719,Comedy,0,0
TR0578,0.3361214209470378,-0.8268003419799613,0.3790407764974358,0.3710827601399171,0.1626219004755897,0.0779713907611174,0.1820115863588641,1.574829050604204,2.579741310036268,-1.7622566312694206,0.2818338462588923,0.8281661002492916,Drama,0,0
TR0159,0.9165401903748184,2.001890335992476,1.5659715588660093,-0.4149155884492352,-1.7866532304970688,0.7623706619496033,-0.2211205581308137,0.907230357714448,0.3863314662526698,0.6834425328100667,-0.3265982167323847,1.0533509718128733,Drama,0,0
TR0003,-0.2279634050708403,-0.6351660527746508,1.0567731747845766,-0.0510910997728566,-0.65576931991948,-0.2413496156952118,-1.1410622515102125,-0.9569550934083326,0.156782866422395,-1.1213751961996132,-0.6889314802704766,-0.5386810857672925,Drama,0,0
TR0320,0.8364863987093979,-1.2556788693866148,-1.0194926472162174,-0.8351057292122822,1.1087066423958514,1.0819686798235746,-0.0129903820776,0.5346235251742051,0.9580681790712507,-0.9052567460776516,0.8716240574597753,-0.14595835895406,Drama,0,0
TR0241,2.400689760717337,1.8303354297643788,-0.4064802580584325,-0.4997923928729854,-1.677476013420028,0.5691337797974176,-1.6835805985700787,-0.7887534386682383,-3.0813494369371086,2.3716581139164656,1.4331221250278403,-0.9375403334770812,Comedy,0,0
TR0516,2.8834224594009363,0.5990980001145456,-1.374477140407363,1.4237337425316166,-2.410067823322953,0.8301436421523242,-1.395858317686759,0.3230453330219405,-1.6465750574501892,1.285801761096785,2.441890455817451,0.3560555702679879,Comedy,0,0
TR0048,-0.5318786176679282,0.4000828304754131,0.2199114307634038,-1.4871058318487036,-2.123584651109731,0.1602422439730113,0.6205026312577056,-2.3538544331267746,-1.463052589189631,1.161244545924152,-2.215325217431898,-0.6607426247924161,Comedy,0,0
TR0435,2.128197500619617,-0.3537593424832706,-1.4558987277796205,-0.5452980200180876,0.009095314611008,-0.4831615548973025,-3.84482893597634,-1.5264813891857174,-4.204790206854925,0.9721407709276324,3.480694748518612,-1.0611100387941788,Comedy,0,0
TR0278,2.360320411730132,1.7656853040048366,-0.0784866161980221,0.1936410384207222,0.6701941071933406,-2.116157254771478,-0.9562408984572476,-0.0079949148535306,-1.6090882180836783,1.80285347828788,0.9609482782326344,-0.4709948592063955,Comedy,1,0
TR0433,3.447542451765369,0.9433895694199126,1.620919024058741,0.8898766151953964,-1.2318257346327144,0.669497077716935,1.805133394008288,1.5959863558627287,4.751127695118345,-0.9406754006644952,-2.5801255068231206,-0.5169594505406058,Drama,0,0
TR0245,-2.126584352707943,0.4226057586806569,1.3776567415419332,0.1879610938686321,-0.3364967682746764,1.2958069423058467,-3.4076402516765514,-0.055762389658218225,-2.683554323170746,-0.3816022024193428,2.409258808855541,0.6659266895010698,Reality,0,1
TR0037,1.4228079572155137,2.437821905260189,1.6407278567983132,-0.848218720763202,-0.3840263671357282,-0.9931712915658244,0.4872823423478998,0.2837941908423944,0.3954538170088912,1.2981557961987868,-1.4883989026459865,-0.6287656797492027,Comedy,0,0
TR0135,1.643742572386071,2.6977605524125514,1.077686630966584,-2.0044277058496167,0.4371897179310685,-1.0448957290538523,-1.3734563794996095,0.0176050710029233,-2.006315827830957,2.040693388012822,0.6505234056800083,-0.8393799112587929,Comedy,0,0
TR0254,-1.3612273083982112,-1.4029919093378422,-1.3905305939907973,-1.7214755374284376,0.2663979908986993,-0.2822805699528271,1.8150051359449884,-3.2164381776328224,-1.2689589488797124,0.7193558666683549,-2.707755324969994,1.1828533166000643,Comedy,0,0
TR0194,1.3330028762599406,0.3198371717891135,0.642882581368412,0.0008351262952073,-0.2506863247874409,1.3244585304073495,-2.159388732573773,-2.750288096119474,-2.525770004447655,0.7205025593304131,-0.6277133411872597,-0.9406292459400324,Drama,0,0
TR0396,0.5223424906801817,1.4839782604719332,1.5198281305966883,-1.4631910439023517,0.3233617330139212,0.8526110406331375,0.7590781709277872,-0.5179646925264066,0.5502593546999933,0.6918089972446173,-2.24744675650017,-0.9697311181273818,Comedy,0,0
TR0339,-1.01373745997377,-0.5950904719075117,-0.6236436851583367,0.4727524793452963,-1.0152224851488865,0.8015911173609623,1.0599805579248385,-0.1036680253476499,0.2697295872997329,-0.0747771192366237,-0.4403835186006796,-0.6541019026009134,Comedy,0,0
TR0204,2.18297673289004,1.8277383227955533,-0.7197887254624344,0.2064188015149861,-0.6244209115091053,-0.1769546699593329,-2.1600483859477038,2.685909014719561,-1.637841703204438,1.3837770004819954,4.61470029683087,1.1275599548321715,Drama,0,0
TR0344,2.3713805467304434,1.102466719783083,-0.436613913896304,-0.1532824743928838,-0.0660038825142123,-0.2826146982711377,-2.262880092551482,-0.8632126970251076,-2.8690683560680106,1.6118994651696554,1.785261823580682,-2.2603762237377474,Comedy,0,0
TR0290,0.6031903171777486,-0.4568047004019755,0.50435646053589,-8.217617039129594e-05,1.0181316458597065,-1.804684452277004,1.8731894492746624,0.1694797863414137,2.870348822574883,-0.9492467735237176,-2.369584257168506,1.1150843877564705,Comedy,0,0
TR0218,-0.9826414798078202,0.0924152579325193,0.6537619057991385,-0.7500111368650894,0.3283016813790733,-0.1434400833861741,1.986697765610308,-2.423543239212381,0.1408100200935176,0.5889725852548782,-3.9610036258012062,-0.4612364550976641,Comedy,0,0
TR0189,0.6773708633402908,-0.2831716315031429,-1.17188976855602,0.5220913249605783,-0.363848091281494,-0.4821332189141428,0.1244724305205657,-0.1135089859339159,-0.6038158056603588,0.518723259429303,0.7117282505411171,-0.9627292215049016,Comedy,0,0
TR0526,1.2290984666157252,-1.5031326445304545,-0.1376061341613761,0.4809891043915804,-0.7417338317885782,2.5308423818304178,0.4280686006654364,0.27020099868807335,2.502378913550633,-1.745409396100576,-0.7010499027900302,1.0790567795887571,Drama,0,1
TR0338,0.8670754260237401,2.2804540936082365,1.9342389672792737,-1.1496786226859304,-0.6323010530509557,-1.2144953962133826,-1.1038260088151777,-1.7981317958060936,-1.9835887750978949,1.6685492764025285,-1.6197784851688248,-2.1662049414541813,Reality,0,0
TR0232,0.205312664432527,1.1947691312229718,1.1139132695179992,-0.1921913608453718,0.0634648878654746,2.377878414993792,0.1815680922085355,-0.6117916366525621,-0.2352767560854939,0.7159285961480149,-1.3901734092771043,-2.359944425221057,Comedy,0,0
TR0361,0.5833262565696328,-2.2331173119768177,-2.160862795730719,0.7099637257015411,-0.4539594925924551,0.5942730696192252,-3.216311963746623,-2.4537179192667216,-3.791707644854891,-0.1330943685149737,2.7433599018224912,-0.2257020374935743,Comedy,0,0
TR0531,0.3915518345530476,-2.333648608415399,-2.2475467739698463,1.604459861217854,-0.0871477623655788,1.473360996114648,-1.5823653976111642,-2.0333100689161343,-2.306974257978542,-0.2918616917609906,1.5748604610355517,0.5050908519006538,Comedy,0,0
TR0381,2.57586958026659,2.277756358084733,1.3469557941166488,-1.5318234572990872,-1.670238238590424,0.156704243110722,0.0478559624039007,0.5226303163919,0.5892945628045622,1.15076231074431,-0.8907559378711163,-0.6089522098057124,Comedy,0,1
TR0534,2.228646525724693,0.4481044724917479,-0.0106124012464872,0.0390326303444642,1.3992173668989705,1.538002843899645,-1.5783395938191682,2.1187696613450253,0.6658514539466045,-0.4436238171277535,2.6489534849392595,-0.8682481161933396,Drama,0,0
TR0227,0.3941724848068413,0.942428873189116,-0.1877348294940363,-0.729737338824498,0.9178072846440156,0.260398777360136,-0.5589083849949985,-1.7510993561355903,-2.575821061018921,1.7502370907363802,-0.3382689487624422,0.6658343342349415,Comedy,0,0
TR0256,0.5317146821507654,2.507240483574824,0.648993070247354,1.1891988665010933,-0.3877427645836767,0.4191751354459349,0.7715786891982019,0.8737590042790837,-0.5246485306907918,1.9565219975067516,-0.2248029954536347,-0.278935569062841,Drama,0,0
TR0269,0.3412993828125621,1.88835151556192,0.5186307765054354,-0.9307829423574148,-1.6659184594381136,-0.7243512804308289,-0.4585649833237755,-1.516485787083746,-2.6151082300942243,2.207349282889432,-0.6952185442926534,0.6586013470309525,Comedy,0,0
TR0067,0.6692411146707802,3.2978423139825024,3.301563638679153,-0.3848747570439211,1.3431264377851528,0.5244675741480619,0.9315343289378546,0.6221171650341022,1.469065478118719,0.9979416371765883,-2.890169339778422,0.3916641663622874,Comedy,0,0
TR0247,-1.018273118589967,-2.8571043863720904,-1.7414434043980174,-1.3789691787258942,0.3429699436908621,1.2516911319991346,-1.2151093424117403,-2.379884778020208,-1.8056427237550627,-0.9930934387626352,0.6502235461935092,-0.4390968810390026,Comedy,0,0
TR0203,1.0084732062818722,2.373500884132283,1.9720041882766084,-0.5689548060260254,0.2676295295158005,1.140183688562366,-0.506747024458472,0.483775839355433,-0.0313704176609868,0.9383451515300908,-0.656330872808376,0.4761510110319651,Comedy,1,0
TR0456,0.5783197411629668,-0.3487096594214755,-0.7488120999730012,-0.8535972944802088,-1.2170879135621997,-0.8663637580085262,-0.7599315113567829,-0.7955793120674427,-1.2721431083471544,0.3777635105624088,0.6847010084337927,-0.0564097784530016,Comedy,0,0
TR0492,-1.829357024612444,-2.673377124650987,-1.5896115710505825,0.1314020020935556,-0.7608408032887561,0.5788611130672665,1.1746306914901348,-1.5710543747872374,0.1958362458906764,-1.0869321507033047,-1.0044379827186558,0.2198520160969196,Comedy,0,0
TR0514,-0.538177485546633,-1.1576670441668124,-1.245759755763762,-1.848413429545749,0.1055070480599702,-0.412550014109879,0.486132268290979,-0.414645624160559,-0.2323236786918725,-0.1835304219955512,0.2478171026258281,-2.0332751981964767,Comedy,0,0
TR0104,2.3769942892425475,3.272794935597196,1.612489864695335,0.5419900798705023,-0.5965524120842024,-1.1874289673996612,-0.605241681338704,0.2998458446646457,-0.9217195079628602,2.1417104740879287,-0.3893559006181095,2.296675926780203,Comedy,0,0
TR0383,1.2684183226651322,0.2825661140623985,-0.0278078827497433,0.4799814243379149,-0.833733460768776,-1.112894053057331,0.2559004477909805,-1.151067920056723,-0.2871260552798705,0.6377390284636391,-1.183143104281472,0.7910663645298087,Drama,0,0
TR0380,1.7819670365088842,2.93885339920039,2.28576328434944,0.0020788717852027,-1.1421770744533106,-0.1154524819004878,0.2015884320384802,0.8357161041348402,0.8467533037535644,1.1592695940741908,-1.3923479638294722,1.7885521726318911,Comedy,0,0
TR0437,2.016088324470594,3.101052483122192,1.2227474058851784,-0.6558795968711274,-0.6682136508847892,-0.3693368656861993,-1.4685194015216376,-0.2185647234768796,-2.3327228952180614,2.432587773007511,0.4694888488266504,-0.5474255582820055,Comedy,0,0
TR0557,2.483391169119336,0.4262474294161567,0.9557195975109296,-0.5912925493428905,1.845556660855725,-0.7486661557802997,1.9662555955242191,0.1497936305264031,3.34253283265206,-0.4437362661367348,-3.041586174985316,-0.1566871315712371,Comedy,0,0
TR0499,2.6583550542732417,1.879129901565422,1.574827377778952,2.3387286062144503,-1.07548278797654,0.1400132725676562,0.8671109217325687,1.0307394423149339,2.257992046878523,0.3731968169940624,-1.6498279574380117,-0.299229647821445,Comedy,0,1
TR0467,0.8209505583102852,-0.3401557819224703,-1.1260714072609046,0.9712665412966434,0.0585495367413259,0.9664412454365964,-1.583155432004682,-2.0103840034151004,-3.0011142592877618,1.0552796207713735,0.9429194409355948,-0.1242314616363343,Comedy,0,0
TR0443,-0.9334198552486044,-1.4134744775716106,-1.3280160139359596,1.2020110594939628,1.1253946796887335,0.1522917514986289,-0.788728033040315,-2.6642108190970357,-2.690118373817382,0.3991927983319596,0.0009186925192067,0.8556737773485849,Reality,0,0
TR0327,1.160911211872797,3.181120637658387,1.6643812344547593,0.9367021652133216,1.184951586198733,0.8880095163128456,-1.0810872256278794,0.2829831310208288,-1.7131619807089118,2.1004616267834684,0.213502572720165,-0.1382466619017303,Comedy,0,0
TR0576,-0.9698133939414284,0.4890185707323307,-0.4592675397862042,1.2537302694029246,0.8943499486297353,0.4164422319867031,0.0393787068604493,-3.0941696641782563,-3.4083089693612934,2.0357685364997726,-1.423587983497656,0.2863233316429923,Comedy,0,0
TR0171,0.0613144011626668,1.166811238904419,1.0192607721410392,0.3948139251442902,-0.5271229712728615,0.7728368887205269,0.7892356289333899,-0.9629766578256672,-0.1200240549018924,0.8964767272602064,-2.098597781419244,-0.1980056018922604,Comedy,0,0
TR0195,-1.8786350672318235,-2.0091380058597768,-1.679206078478272,-0.1679418988428184,0.6254002147208524,1.357375503803221,2.248899076616764,-1.1316631522697138,0.5137386665444889,-0.4264282508339074,-1.462891519191193,-2.5800130623486424,Comedy,0,0
TR0236,1.3319564706942666,2.5226338651224087,0.355630772552977,1.5583489203400036,1.6877324603107535,-0.2495541307369307,-0.3864958870810551,-0.5873883662629542,-2.3401938225905483,2.6185093686046117,-0.0032854874908586,1.565854069237694,Comedy,0,0
TR0066,1.2717738563877634,0.2788774018649826,0.931247786212642,-0.7403666708901641,-0.4926084948066161,-0.7358032345215264,-0.0813517107170453,0.4719863547581256,1.5122125958924677,-0.6321550740703086,-0.6550638938645453,0.1434205214904713,Drama,0,0
TR0274,0.1945144575245212,1.0576410465696542,-0.2184737674570154,0.2845578252736247,0.8055165096586347,-0.3511157142409622,-0.8165717107228269,0.699304160157369,-1.4393050766173945,1.0503876908434402,1.6890111562963022,-0.8330805365449659,Reality,0,0
TR0108,-0.0183932335948798,4.338747394340604,0.2067844841710859,-0.6165238767186385,0.7300259239309352,0.2975050509344156,-0.4813336259053122,0.9153049546640868,-4.1191284897009774,4.305974170562504,1.9736503724839056,-0.5693081102175439,Drama,0,0
TR0161,0.0020972136726093,1.6296222758078107,2.9583848916747737,2.170185739319772,0.7477111704301007,0.8859346767638636,0.5198605272392627,1.3562555914154224,2.698516844777319,-0.8036286738509515,-1.9553462296824853,-0.8899284310831719,Drama,0,0
TR0498,1.0803218347937942,0.1217189958620491,1.6883693506727795,0.302999425210195,-0.3537285806231698,-0.3606554314923917,-0.3177604910826938,-0.9743025985211704,1.2658858495863952,-0.8297139005462271,-2.144545019242003,-0.3822186722989246,Drama,0,0
TR0353,-3.067156333674024,-0.685802184710033,0.0332093926367736,-1.1690505455166174,1.5070441207619945,-0.823712805766539,0.159613490723404,-0.5494991545441543,-0.880004348752107,-0.3381407191598597,-0.1404120032358679,0.104652196512943,Reality,0,0
TR0364,0.4842289119810795,1.9882151383695028,0.7282103935885682,-0.1944086347800648,-0.3345470089412616,0.2605061683208879,1.90624215550363,1.0380338638698838,1.08014415679211,1.2888490140307949,-1.3842516272614842,0.3968118433626823,Reality,0,0
TR0336,0.7542864695413236,-0.4735266410136745,2.4413127883860826,-0.4053438457968901,0.5325946100677951,-0.8163992105816134,-1.8280526526985077,-1.2913693632617187,1.1386594634621583,-1.910455212536784,-1.7260700133390896,0.0289602387813489,Drama,0,0
TR0599,0.9992330887290356,2.4719994667246588,-1.0129057464824316,0.0016224411892759,2.062915719895177,0.9198378117545264,-3.047316246378151,1.949343469768148,-4.337465699125477,2.6468301194370696,5.616263912578392,1.7993652049402915,Drama,0,0
TR0404,-1.804141236253084,-0.448452152460173,0.165794469217082,0.0654093697258577,-0.7207766108942008,0.4132460469586088,-1.4656125256220245,-0.36243623261315,-1.5699467276537713,-0.3610840952448748,1.2219259586756697,1.2760252152065883,Reality,0,0
TR0228,-3.9626928279062,-2.2732450673971623,-0.3059949238428157,-0.3571945371071982,-1.054321749498829,-0.7046337022367302,-2.9904031621497333,1.701757160535352,-1.0115225546840347,-2.605526457785804,4.499548762513247,-1.1413051152596374,Reality,0,0
TR0282,1.2115231061733465,1.222236407273562,0.1892692524572204,-1.3101808168925604,0.49177919010242,1.3219993878681413,-2.412259276778965,-1.7933573031948364,-3.584456578910522,1.7114632857982015,0.9480713065162064,0.5658145483756458,Comedy,0,0
TR0151,3.074848027061617,1.342397626051273,1.364505977597839,-0.0002345768094785,0.163538651724745,0.8605058450997429,1.0517270394436722,1.055253945485522,2.949952576247171,-0.1064880494578297,-1.822991971750329,1.6420760586367855,Comedy,0,0
TR0109,-1.1247698970357376,1.0784180138873094,1.3196830311504204,0.2600639528088853,-0.6178531107931037,-0.3829528732703329,0.6645229444896192,-0.1858439725720759,0.1504247085191401,0.4031141979626627,-1.522977651311102,-0.0220100641189934,Comedy,0,0
TR0442,0.0268773201334768,0.3783996534292778,-0.4295504815127087,0.8780097854756378,-0.2421183995908616,0.9173546890377922,-2.6798802745901966,-2.187832788021812,-4.361049704910102,1.4571325658511438,1.5349735153670163,-1.3093995725000591,Reality,0,0
TR0351,-0.1312152781815228,-1.27209315888667,-1.5129364224453028,0.1317699524934738,-0.7221254356292763,0.5665731733916468,-1.4619414431018054,-3.302297567034782,-3.60852872512111,0.8389789497857534,0.2566832419254197,-0.5497732976986006,Comedy,0,0
TR0575,-0.3612597760279589,1.6185597618834169,1.44047142480688,-0.0851783625438073,0.5818977052866647,0.0253956915022676,-1.1380742406236992,-0.5973049306763523,-1.6239411680832363,0.9704980449061286,-0.2213384518449958,1.2330206714057057,Reality,0,0
TR0395,0.560718312389865,-0.8913786349204489,-1.179619293305243,-1.0790594103982674,2.003121646368061,-0.310871394534898,-1.890628987933825,-2.0000433337785086,-2.835148937990881,0.4994443426307252,1.20584817301319,0.8299668460176283,Comedy,0,0
TR0292,0.138320217221307,1.0873613769126476,0.1754214245955946,0.1531398186414484,0.7709551521179451,0.2042169178028634,-0.8278027822656894,0.9150207865823908,-0.950508496356656,0.7281121925387142,1.493580958457838,-1.598563123317903,Reality,0,0
TR0267,1.0884881454266693,1.447553995385421,1.1400543290835092,-0.1359510428125638,-0.7337636367087228,-1.5025260096633697,0.5981659198598078,-0.1532258082016926,0.5562685934201337,0.7491961755545296,-1.6024000244695962,-0.5320567998557109,Comedy,0,0
TR0168,-1.5632503442954337,-2.2985663398287643,-1.4701116751828458,-0.3410792553259292,0.806663509892435,0.0671080753589278,1.090572424313787,-1.1699148656832732,0.2442778210380326,-0.923411587313739,-0.7197456634725439,-0.786941973159434,Comedy,1,0
TR0471,1.4304518598114873,0.9938981084095714,-0.718048397580628,0.4298371291865679,-1.8009785354087606,-0.2367209173687616,-0.3688543912785009,-0.0684778939008735,-1.477116465256421,1.516511997845956,0.9540910437176832,-2.563892920045927,Drama,1,0
TR0357,1.1092274649909974,0.9635754813159344,-0.1784126236188091,-0.3501257048659875,-1.823494601778798,0.0413845931978107,-2.4564159170152458,-3.1038053546463003,-4.629711553652944,2.1594162960044514,0.3915472644646471,-1.1236532432878663,Comedy,0,0
TR0010,0.5735378769659548,0.6442668536542548,0.8047261966486305,-1.1278436945788586,-0.7199449458769396,-0.6483831435592867,-2.1490479333955843,-2.081270935119078,-2.6017319617582517,0.7874439267116518,-0.103217252694747,-0.1702276238019089,Drama,0,0
TR0001,1.0924150415536469,3.3067589071277306,3.6305995473659634,-0.4645218331131366,0.9878971817168626,-0.9003864933787118,0.701183062581611,2.63821034964052,3.1216876646291607,0.0250200339884097,-1.674695465039742,1.2830043083691298,Reality,0,0
TR0007,1.031569129437144,0.8923694701237259,0.5205763490725931,-1.9205087078488672,-0.379220055758977,1.10613836016503,-0.4664514979678599,1.0646038978555783,0.4072239624682659,0.1453267667388146,0.7060048764007785,0.0902618120876024,Drama,0,0
TR0398,0.0216390696967316,0.6461668998374238,0.4619762933041942,0.3258156414402148,-1.3467046871936377,-0.696097597357915,0.4046145724208464,-1.4443801007079575,-0.7945117245885941,0.891099093941384,-1.6590028917375808,0.0819096462531632,Comedy,0,0
TR0417,-1.5493379345343528,0.5235938726143439,-0.2455922379632704,-0.0231436385187908,-0.0794683121601268,1.4415854907410095,0.2351736192107111,-2.055241990608261,-2.6588105560764785,1.6039597014452447,-0.9764655248112244,-0.6163779645676535,Comedy,0,0
TR0444,-0.291957832659488,-0.5327412372598184,0.9679905864626958,0.6254036756880408,-0.809218613567096,-1.1676451929710208,-1.902281654209951,-1.2220217454504596,-0.8440911600885862,-0.8565214692311777,-0.0265598309891712,-0.5056570230166488,Drama,0,0
TR0495,0.747380747747098,0.9572889806502132,-0.0094206366677145,0.8934514233877554,1.1916098672095137,-1.1273212208152517,0.6587402190097291,0.4467524425002608,0.1376561655600932,0.8536068389114607,-0.2153337840344338,-1.6464929923588454,Comedy,0,1
TR0231,0.0637614436974315,-0.2489810224515295,3.581765255610258,-0.3222467154999165,0.9610499785780092,0.5232907798984471,-1.7614619908205222,-2.3054927172629505,1.186346804181549,-2.071077148132081,-3.377572102284784,0.6365946298557159,Drama,0,0
TR0061,4.112844289874273,2.3145082573187428,-0.2743107107522889,0.4710331160547056,-0.0595184126995515,0.5148570184755578,-2.67648288556429,0.6165674688171059,-2.539160002010234,2.165192529296489,3.008483705008622,0.0821628292962497,Comedy,0,0
TR0259,1.6461977217887482,-0.1961136266820053,0.399005752765745,0.0188718939443733,0.1707906630092814,0.8946927563592545,2.1949043304337525,-1.4395516379298328,2.177118418138728,-0.0998033678325658,-3.8189994183567646,0.4587804675146047,Comedy,0,0
TR0129,-1.1810796616536952,0.925379050922136,-0.1536385959454014,0.0006946543474004,-0.5757312787596648,-1.5743839030632112,0.3960290667646775,-0.6938614969960152,-1.8073641433234453,1.474541953341935,-0.2504679710395122,0.2446772447595499,Reality,0,0
TR0321,-1.1000387136139973,-2.6488565884281883,0.5987385222697367,0.0670533766454187,-0.9680274197341888,1.9597508317468648,-0.3323379644042088,1.5132046892298547,3.616244194063592,-3.798434872240128,0.3438452735602759,-0.3061156946480189,Drama,0,0
TR0373,1.9858814797377984,-0.472612291196953,0.0190317400582633,-0.8033378388501724,0.7221390363867434,-1.0792100535968256,-0.6255524358553821,-0.0685280460807694,0.8863508582149706,-0.6783258429220904,0.0286014950808799,0.5011825543386496,Drama,0,0
TR0375,0.6442607203859834,1.072287941819904,1.631585779916542,-1.6298045951501166,0.0362783920450997,-0.1442398809107557,1.319691289779486,-0.3205076923365748,1.723839870971492,0.0859957827217489,-2.87562517204788,1.391506912121326,Comedy,0,0
TR0178,1.267441231796309,0.2977248057722625,-0.8185333833900701,-2.686597855303507,-0.8046124784712981,-0.7650516129795408,-0.2365240411801155,-0.7453430910581635,-1.2621943353889853,1.0744494920454246,0.3160301558285785,0.2038011949073389,Drama,0,0
TR0337,-0.2774572555865697,1.3992972176816594,0.0483158941999087,0.043183145833978,1.7160796838062289,1.7715206092207658,-0.0305656643407805,-1.9348260970967257,-2.815205624873733,2.2094567776692564,-0.94682245257303,-0.2525183763896106,Comedy,0,0
TR0537,0.3511632000652871,-1.2681396981112507,-1.1197088364216257,0.9757122491159148,0.2312008189125031,0.6378004561997064,-1.1397009233082651,-1.8497544863931823,-1.7850144160877368,0.0152089643665251,0.4861111338333087,-0.4959607112959528,Comedy,0,0
TR0325,0.8758541759586875,-1.574888177645411,-1.93183615075114,0.7289377642808315,0.4163446239811009,0.27413521039557,-2.7127487907611965,-2.1294836369108854,-3.499313577901368,0.296773758017975,2.37875756469348,0.2257540232634563,Comedy,0,0
TR0032,0.9236131894717448,0.4431208668028226,-0.7455001431774402,-1.2131248438596531,-0.7949893859642774,-1.2237354109823884,-0.9395278559330584,-0.8398318665226615,-2.10947777634031,1.233455455852824,0.9519929114154332,0.8320983862294244,Comedy,0,0
TR0114,-1.7561496682521318,0.2507664322677188,-0.0899582665207043,0.5235556011386471,0.6523301892913095,0.2890774703621211,0.952827610339195,-2.8398125116750563,-2.245775701436833,1.4933654227519608,-2.373238537210025,0.6435780508658445,Comedy,0,0
TR0408,0.0215731828343029,1.150514121926566,-0.0459414027739121,1.0473216834865815,0.2244935485490963,1.1542713436043963,2.03044187062842,-0.0452396111457361,0.3271969405971215,1.342585445380132,-1.6341572651006386,0.4199122811528996,Drama,0,0
TR0118,1.916966206534864,0.4203805454472848,0.9351505384301216,0.1544179321761837,0.6925723641629766,1.0698494392334932,1.8644599761579628,-0.9762339906383404,2.2598814740576687,0.0045888710769204,-3.592624430125404,0.9444797314876436,Comedy,0,0
TR0183,0.2862766327201083,1.7989825557352217,0.3291812126044515,0.1290568953108654,-1.0631184436053602,0.2262857649640683,-0.0382929568701061,-0.7541195291933815,-1.9226224813486303,1.9872896406669471,-0.4020393938341186,-0.4219251947012445,Reality,0,0
TR0270,1.209236687741996,2.469466155117774,0.8494068694491772,0.3436870848164471,0.488282647811046,-0.0268677756692462,0.9746542243863356,0.8039974798473495,0.1508975454782607,1.7434961772754296,-0.7953518767251594,2.719919971264737,Comedy,0,0
TR0081,-0.3968883320013423,0.2733155927099668,-0.0094945461076176,2.5508760503025085,1.2813186186225043,2.1458200363058464,-1.9634319158621765,-3.6059763016381776,-4.354679900362856,1.581208455602316,-0.4633845369798152,-0.0444111115127015,Comedy,0,0
TR0594,3.007073986915624,1.383940449292585,2.286648977868293,-1.906839010430708,0.0262601484545887,0.5190562227921168,1.8134124345930631,1.7775052626474108,4.913801124169743,-0.9627298375624876,-2.8986522085874946,-2.8777079990806604,Comedy,0,0
TR0569,1.447012740301796,0.2140979138797983,-0.854109778015069,0.393249468763685,0.7515962003984744,0.51419738642377,-1.6478405930204023,-1.1646983573122585,-2.5125658324560507,1.1218820154220157,1.3460816554041823,-0.5909075502673932,Comedy,0,0
TR0469,0.0778584742533644,-1.349708749087691,-1.53561676321435,-0.059251037514202,0.8632813515485354,-1.2823230337664373,-0.9920088132087204,-1.59305990481222,-1.9806871126761287,0.1583929747848734,0.9485077161029593,0.134490294779359,Comedy,0,0
TR0388,-1.126882138171665,-1.4439774192188422,1.911169242398439,-0.6662015490556048,-0.6270704314511139,0.0772714007323545,-2.218268837138429,-1.564200979374454,0.251404872036071,-2.356662709099268,-0.9201470234698684,-0.5469371533234877,Drama,0,0
TR0415,1.435208256864994,1.0667169006476425,-0.2621322336917042,-0.5158216286593088,1.6707608435004415,-0.731717709717773,-2.234501595010031,1.4718231892153142,-1.5445805102992387,0.7014935359898062,3.3717147163178884,1.4363257848725213,Drama,0,0
TR0392,-1.3735086414905229,-0.6948951434396706,-0.3384311325768633,-0.8588152484147612,1.0982824383709435,-0.2267982219189324,2.5116444891062804,0.311755404481024,1.921909045612279,-0.4876755245437847,-1.7585787945041107,0.3886381870224873,Comedy,0,0
TR0310,-0.1537640422064434,0.5006352218609319,0.6466977557376589,-0.0019230004286938,-0.6348875967339407,0.1885289564879617,1.628510131080327,-0.6689773385174915,0.9372770475824516,0.355712296369924,-2.464951918177227,1.0949218833547487,Comedy,0,0
TR0376,-2.641479564323151,0.8655917689283815,0.4740258299313116,0.2424169299718632,0.1799561663621234,0.8867478662720222,0.3075873180870103,-2.2990726509233177,-2.85877652413961,1.637224106400183,-1.5984981418875353,0.3814441899116126,Reality,0,0
TR0412,0.8008604046135429,2.5339531809304536,0.5471120674391956,-0.0038020154310867,-0.0884570279339788,-0.3236426243746473,-1.5349362299137173,1.6004114998239842,-1.883728857209468,1.751114482723266,2.517041983853622,0.2246271672141719,Drama,0,0
TR0587,2.6881589508824684,5.175726990971744,3.4696969751888096,9.56864478965706e-05,-1.8805442595398456,-1.0454176512747455,-1.6501413202388957,2.119835900227943,-0.460780133790328,2.223029949031579,0.5110559093006909,0.542140900108791,Comedy,0,0
TR0564,0.3621864393258911,2.58479385367018,2.149147727204202,0.9060181316449012,-2.639729848142521,-0.72098256745787,0.329862431234686,0.0798424896006515,0.0362596631089549,1.248868340867153,-1.7193976125132442,0.1075847052839047,Comedy,0,0
TR0132,0.4624910414393986,-1.014277078163131,-0.8497424278859077,-0.233208477683662,-0.3484470752578117,-1.283233839904453,-1.801132203961744,-0.797670403975353,-1.5562631440853107,-0.2870970999675455,1.6245006743798889,0.152842508540701,Comedy,0,0
TR0078,-3.944427988078965,-2.084001593091359,0.7895150754003555,-0.7758653225948563,1.7269454917739873,0.60458750084498,-2.6524605100842726,0.5511761981927885,-0.5244288782829619,-2.7779686164245705,2.393539454253814,-0.4678445121762214,Reality,0,0
TR0345,-1.0582578903178927,0.2267949974392312,0.3970942392196282,0.7545731614324866,-0.7598590589651513,-1.1981461302636902,1.030879743444223,-1.2482541410715042,-0.2980378594426914,0.5018103732623751,-1.95350857572918,-0.2744316167422314,Comedy,1,0
TR0478,-1.056419565585241,0.7996105318980276,2.3623899447616616,-1.8266527243635664,-0.508892920334043,0.9721139537658162,-4.229574810247399,-0.2181528948778759,-2.3032218550787875,-0.7148857844503811,2.0336335118239264,1.3942999337983812,Reality,0,0
TR0427,0.7555652527612349,0.9277893130546616,0.9052299082443688,-0.9355207485661432,0.0568656670800685,-0.1022668052269356,1.4312227143358731,-1.5596513442324669,0.4476083520944373,0.8778420189001167,-3.2042943860224358,0.1438772731226006,Comedy,0,0
TR0382,2.2105826872481624,1.9523560229085173,-0.4943975388970976,-0.5750439547722354,0.140539789622435,0.2224032033678011,-0.119457903139025,1.572213535247701,-0.6308320812525822,1.775718480783593,1.7225879502737222,0.3550326695289021,Comedy,0,0
TR0072,0.0911021198112846,3.8375262428821344,1.1987447309095791,-0.3688040423041675,0.2452513083429755,-2.8570031867162267,-0.5625595268197369,1.916500548833116,-1.9161050232356236,2.6776359042645157,1.6553098169415417,0.2109568976129077,Drama,0,0
TR0554,1.46890600241514,0.410532093580932,-0.9670986932793032,-0.8466856018372358,0.9459338119963538,-0.1735882330367372,-0.9278506596674488,-0.3406502130858391,-1.7275362823764973,1.1379406883023084,1.3809262964591038,-1.2327512224447272,Comedy,0,1
TR0379,3.781837823802221,4.336996022023145,2.617994652452656,-0.553796402117623,-0.5718315433590588,-0.1593149487285882,-0.6953942918360876,1.6603192367654336,0.4749958561616051,1.9984175166879696,-0.3252851737354018,0.0373539670612187,Comedy,0,0
TR0064,1.2562677544621754,1.3409810067023218,0.6532356676202458,0.1910185198492222,-1.010342646684352,-1.2219181236592416,-2.8868793668300405,1.5263203807296053,-1.4275922697875552,0.3312266568385248,3.2652147806846195,-0.1790373691510322,Reality,0,1
TR0110,0.108176877846428,0.7191522367650619,0.8496702571458796,-1.1329918334398918,0.6279480866163222,-0.6196492181315378,1.0213247343218996,-0.8593652481255943,0.4410186325088896,0.4881426795419176,-2.2075589009444023,-0.200215562823432,Comedy,0,0
TR0281,2.001819121743064,0.7868843546409477,-1.3235772723682808,0.7580643172093485,0.1037858031398156,-1.162582952973379,0.2954823547899419,0.0724427397556572,-1.0227513793287109,1.6378071180256526,0.8315624532192513,-0.3607700030490435,Drama,1,0
TR0097,-0.927948606371348,3.9294324867884174,0.575085138881086,0.6842605083536509,-0.6993240983020408,-0.5201624290166271,-2.199413405470522,0.4908853726213379,-5.346259631662998,3.788816692007295,3.038326362401637,1.3398349931577846,Drama,0,0
TR0040,0.6987235040260876,0.2646535881515514,-1.167211378417821,0.3489793526922057,-1.3009299307942108,1.2748206871657046,-0.5668369591572836,-2.1161436800976405,-3.0013206655684264,1.8121437235020867,0.1177672480733442,1.2355341229733747,Comedy,0,0
TR0119,-0.9840941708280542,-2.4816272484471367,-2.2464949175260243,-0.9543044634512948,-0.7518111813016569,-0.490510095809647,-0.8211299953073227,-2.8490249596273127,-2.708077740659577,-0.0482145002462451,0.5179230339658227,0.8528715157504282,Comedy,0,0
TR0341,-0.1206761165769604,2.396963421327711,1.999395942613532,1.1486693467619185,0.2852028392729319,0.1488898492774025,0.3787193761302068,-0.7941384586221227,-0.6722676354790322,1.496358189769765,-2.1791570319641105,-1.1612657411358804,Comedy,0,0
TR0479,1.1170382754637245,2.7774698549430044,0.8143510046353765,0.911190010369561,0.4930431419846613,0.1207610261065972,-1.1744598906608623,-1.6089897507912003,-3.502789280380786,2.934943050091893,-0.2873065711216993,-1.1370014680139051,Comedy,0,0
TR0401,0.4415711682171516,0.8335137893847646,-1.274206078946828,-1.0183439283535127,1.0420380245283636,1.2018218999419856,-2.168034610168691,0.369979029964171,-3.481323655250757,1.6410821444450407,3.64168349747572,0.1663921370227175,Reality,0,0
TR0322,1.0872730283188,-0.7900903005634374,-1.2280238032999122,-0.8460016217182692,-0.2979992854439354,-1.608138274564776,-3.628245345749966,-3.095529627977692,-4.8278122172971,0.9653578695637676,2.07172032239409,-0.3333196728895273,Comedy,0,0
TR0234,1.332194095948546,-0.7785836732246965,0.8900569945570869,-0.5460001018631914,0.3000868373491866,-0.5819765549921517,2.824792562866671,-0.3182154965651006,4.381335167901273,-1.455750935515465,-4.1945478179580205,1.871819449458871,Comedy,0,0
TR0583,2.98784675778622,0.988536634478815,-1.2696027622898391,-0.1106704448181129,0.9016680907126492,-0.0775727636745473,-2.311480014802922,0.1810994901336803,-2.7087686893655563,1.6686727107107702,3.191256226713701,0.8278840702003399,Comedy,0,0
TR0080,1.373208226863314,1.1163525448635796,-0.3772608694400099,-0.5991803141742483,0.1672698374512355,0.4758069480154511,-1.4930979275970242,-1.2056727697657088,-2.892836864958312,1.7953922198824848,0.9581971394854454,-0.1632750755982177,Comedy,0,0
TR0540,-1.5308442587268785,-2.299291711352848,-1.801061897045343,-1.633593442839855,0.9282625214015362,-0.8311409847679372,1.4025828092756594,-1.0562820954360943,0.2303310784390217,-0.7243181133382246,-0.6310986922003214,0.9123602015215296,Comedy,0,0
TR0212,-1.0583840935277216,-1.0451513168263558,-0.2507852632995415,0.7896877652336957,1.1159792775827704,-0.7465915578774794,-1.1161233124675194,-3.12287132305546,-2.552048746160178,0.196531825704499,-0.9075829842997668,0.014791041927037,Comedy,0,0
TR0368,2.959759753466235,-1.760417008526688,-3.016378721332916,0.1544869084169617,0.7419168619809889,-0.3593143445196045,1.7552807496033396,2.91396814491019,3.2842703701644287,-1.0071731114316438,2.1846496642125546,2.3391753326140594,Reality,0,0
TR0386,4.015318537611915,2.0965815068578304,-0.6544383920945478,-0.3778581524264418,0.1322748844487424,-2.4381832384814515,-1.4532414474649649,1.095471325423855,-1.4832834959154566,2.0546129802709903,2.5006556930511312,1.0418892528331494,Comedy,0,0
TR0311,-2.050680976880248,-0.7065896791792745,-0.7552912825932565,-1.479214323900358,1.2306054157895163,1.4820831848232363,-2.670941088166468,-0.4564657472050011,-3.393161957605292,0.0540741616177217,3.1570082111071165,0.6723205748410267,Reality,0,0
TR0147,-0.1999860769172242,1.8822499366295264,2.3169881151771348,0.5965858731788376,-0.4285578110767177,-1.0455274644149517,0.9447754063111732,-0.3328260276316579,0.9087777837994871,0.5522962832853295,-2.8125419163255736,0.168912596624596,Comedy,0,0
TR0208,-1.6787110984004503,-0.399024498324718,-1.221667938504544,-0.5540178803402677,-0.5362835057220379,1.474655501791959,1.1744461590850743,-3.5427333402687946,-3.002472397570794,1.8358168560421213,-2.172926051910017,0.3531351285744894,Comedy,0,0
TR0359,3.906044089007156,1.0513478190903058,-1.9770689776021355,0.0056394756625155,-0.3176754094405585,0.3054897319313036,-1.597950435943464,-0.4350885004434401,-2.9361329243227487,2.399718140149388,2.5976705444841883,1.17231276370673,Reality,0,0
TR0026,-1.1187153623603603,0.1879881569277563,-0.1851474791246354,-0.7744850931794738,1.4760975347340062,-0.3440415207862441,0.9116345559006802,-2.051802108675435,-1.511845992676944,1.163927222542362,-1.8402230281800245,-0.2111056334423845,Comedy,1,0
TR0561,-1.0417565032907938,1.5878909253249351,1.343921803755488,-0.6965803149148548,0.1401493593366913,-1.0991107634577149,-0.6998853491685154,-1.0575625938909143,-1.957292867162573,1.228555802159322,-0.7393177143788319,-0.3830523824648671,Reality,0,0
TR0483,2.729111052959128,0.8628441571608697,-1.0397616564573364,0.4937625657898101,-0.4566499949643852,0.3968440761908962,-2.511569339231731,-0.0879639324000853,-2.784910023598025,1.4773657303889285,2.9972343936549164,-0.2300805458197601,Comedy,0,0
TR0468,-0.1447799708588517,-1.6474916909929014,-1.7586723107311748,-0.6814597661228702,-1.1937142851481084,0.7406024026086223,-0.8334685765952027,-1.980721400051892,-2.1316018539325627,0.1470848894696298,0.7111266039501938,-0.1872364033252787,Comedy,0,0
TR0128,-0.1178340582392294,0.9168966334870616,1.7501125765375454,-0.0046137577589118,0.1320443654756642,0.1610636961433908,1.2237139278773188,0.2270986352749506,1.9410255253314983,-0.3032192443762269,-2.411505932582543,1.2943939015779573,Comedy,0,0
TR0546,0.4030902983470958,1.662959485418,0.3127074766130803,0.6608353248281564,0.8132431162590936,-0.4310649597832948,0.3813405702288799,-1.3290013776248617,-1.7852344216603302,2.047636476972551,-1.236959282925261,-0.1691199381173072,Reality,0,0
TR0199,1.7025956241969742,-1.008732486039854,-1.8269408023081777,1.0178795608105369,-0.0855791972748804,0.0418891488295271,-1.2290022647454597,-0.0271244662666648,-1.075689036757176,0.0597126303290286,2.298516242260241,-0.6361729545462732,Comedy,0,0
TR0049,-0.1703211388363067,0.9872445040393468,0.3464388871530617,-0.4766243773850957,-0.0705904256408741,0.5303108118028395,-1.0258354077753358,-1.285575042811552,-2.385022215210159,1.2904512341536465,0.03999572072455,-1.7953435029143945,Drama,0,0
TR0306,2.053871170413568,1.643884181741652,-0.3390292504558476,0.1978028502886842,0.7572022761830797,1.8752870109620945,-1.376850295063584,-1.5521800256302771,-4.155985561985663,2.581235931108714,0.965074444059044,1.1075497315884908,Comedy,0,0
TR0363,1.254034161278076,-0.0945105490347485,0.489940765414152,-0.4684184251484333,0.0493564846824325,1.8794193174466347,-1.135110154008354,-0.0987161209757563,0.231120168536442,-0.538121505683462,0.2812108032979866,-0.0136284005987959,Drama,0,0
TR0255,-0.5576795040098739,0.8445411365688842,1.1112878148055318,-0.3881521546829555,0.6751984175532783,-0.4536932676079809,1.0073620840204125,-0.8129742054290977,0.2997743798439236,0.4749601432793807,-2.2504225414786,-0.1359450850365443,Comedy,1,0
TR0243,-0.2763240811134515,-2.013552276523809,-1.6179039380469258,-1.0847338365261208,-0.4234404593823476,0.1383594586953558,2.199179383740105,-3.015485489899564,0.0593334540804001,0.0575816223161267,-3.0800988795258752,-0.5889750021016127,Comedy,0,0
TR0039,0.7443034313882667,-0.2840121949853362,-1.060471369004243,0.6741680309853713,0.2600091042908656,-0.9534213579968992,-0.6489752961069452,-1.105507892045524,-1.7052290826575929,0.7705504584914299,0.6450665457201735,-0.3290373989340846,Comedy,0,0
TR0307,2.5203958538515567,-0.1108453065993829,-1.3484395643797642,0.1678736857432992,1.3006215125489948,1.375668689623747,0.3155436522237773,2.00632467320533,1.3936446816744374,-0.0549323941795922,1.8437392175473672,-0.7076914382011097,Reality,0,0
TR0226,2.2502748382509457,1.911228528501577,0.2984747903668314,-1.0780331223312296,0.0333762677729866,0.9038882038788084,0.4156162019550644,1.6928247852636218,0.7651692578866316,1.1212628268421656,0.529175299662657,-0.3650504601361201,Comedy,0,0
TR0140,0.2617234329531867,3.179443711032189,1.4001010690278823,-0.1244982711159384,0.7181733982298508,-0.1613384284952669,-0.0490367918593367,1.4064039864513418,-0.8623521346937774,1.9799946514331703,0.4294805955986074,1.283617979807149,Drama,0,0
TR0316,0.1575274648848065,0.8385067659115675,-0.2626687824403544,0.6451081577698827,1.160518315704011,-1.0204065204977757,0.6544522060089324,2.7906335919286107,1.2368060135254202,0.1282446584518225,1.725617201904865,0.0701190683810737,Reality,0,0
TR0181,0.3342864583303271,0.2659987496400938,-0.6973712274802785,0.0565657337384799,0.3069940904366308,-1.02692638055468,-0.3543208402698675,2.6597703882240205,0.5797807628538556,-0.1715668768920871,2.8286065419668,0.3739660501202483,Reality,0,1
TR0139,1.2898893456277718,0.4165442570094814,-0.3976350857733641,-0.3164988530939679,1.0366448184064572,-1.0421250369384087,-0.0401714249170855,1.149920726168353,0.4468151358659668,0.2369271837553352,1.0607317083196672,-1.4241525144709573,Comedy,0,0
TR0238,0.8477927869997661,1.3225945593316086,0.1444558626866825,1.5354698088652456,-1.3880840268143286,0.4381174749115877,0.5413664143041559,0.4663303247221304,-0.1163973622502148,1.1289062420351168,-0.1645409237479352,-2.422142535378366,Comedy,0,0
TR0543,0.0609423859651666,-1.2285588473614493,0.7827533328952802,-0.2853511113669989,-0.2217717917248973,-1.0196990703152635,-1.6621535291002127,-0.3705985919262648,0.5898856591928372,-1.814455582267257,0.265589724112285,-0.1302277185490995,Drama,0,0
TR0350,0.0142656820863946,-0.3804591925597083,-0.4532130512816761,-0.0404364282816236,0.5661471303857114,-1.4094007802411088,1.6559525725955733,-1.8401132748600788,0.0420732341807696,0.5750802322506852,-2.507509692524219,-0.8959734107239358,Comedy,0,1
TR0567,1.2155813733647267,-0.0774959856625263,-1.2373833863080674,-0.2879477855641946,1.2519285958999071,0.5772362980208364,-2.4627799953080443,-2.5054805703320464,-4.225526926804798,1.5554008918558742,1.532189623648929,0.045957077193111,Comedy,0,1
TR0541,0.5264437848666199,-0.1914614195490208,-0.5145010549571445,-0.5537919845362576,-1.1376935489609072,0.1959950336980445,-1.98979518027956,-1.7637421777850233,-2.807949088785989,0.7103542468362949,1.0138279708180715,0.8166052795061861,Comedy,1,0
TR0596,-2.046847427655613,0.7182728228437752,-0.3448761582260564,-0.321653516323198,-0.7834466011690575,1.613483146691567,1.32690305495027,-1.393464971794521,-1.9072532701917564,1.711979845482669,-1.3196281542143746,1.986871991643675,Reality,0,0
TR0419,-0.3980197429074967,-1.1665447587107949,-1.1645699608412132,-0.96728201742385,3.166359946098501,1.343054817598711,0.3978891535620705,-0.7495935000806346,-0.3593438289491026,-0.1464416725887215,-0.004944708590334,1.0202003093604348,Comedy,0,0
TR0441,-0.0162693224814713,0.6549018344437755,1.1214873084244248,-2.2021485316879565,-0.2370009593050902,0.1633122009327513,0.8300874495388553,-0.5798966924845912,0.7677457150648144,0.1308208836757082,-2.082830920375936,-0.4409358301973299,Comedy,0,1
TR0553,-0.5100899482135486,0.2797436410550137,0.2866660846182453,-1.3567725445445418,0.7611102680043981,-0.9488218675982149,0.6831438836496766,-1.691230896991811,-0.7791852462213371,0.7467002688600876,-1.9161038647847464,0.036505173282341,Comedy,0,0
TR0463,1.435634790843883,-0.0479747425374655,-1.413946356993813,0.0015761643740409,0.1379770832291576,2.112855837721761,-0.7891248910249904,-0.7929349137782351,-1.9167654042134132,1.1178510890158295,1.2532153579553396,0.7949997592398393,Comedy,0,0
TR0105,1.760993228308114,1.0410081375818416,-0.7143235243878564,2.1162985474506715,1.0422104900965328,4.837766013349634,-0.1270717232761342,0.2109039516692259,-1.000266970919073,1.4442505794063534,0.86119390619097,-0.3794998311744335,Comedy,0,0
TR0013,0.4971156410876788,-1.7824576468861069,-0.1724248490396465,-0.0388527791551719,-1.4040014794960691,-0.3957207808707981,-0.1635778392365807,0.1443047484064127,1.8757932740057863,-1.933136791510116,-0.1211656206496803,-0.3329136059605516,Drama,0,0
TR0239,3.429780529757566,0.699795010570227,1.3317126548983194,0.1990840560005734,-1.2144211066765074,0.7158205359957289,1.903822446183334,0.8495655357037906,4.288519435126299,-0.7357677311973443,-2.970976647333984,-0.5227976764385096,Comedy,0,0
TR0103,0.9503123929342628,1.9260643242142332,2.106237778467642,-1.1552237008789834,0.1107291096111035,-1.1537190844117682,-2.9839079135750888,-0.8186016840422511,-2.240979814613049,0.7777519413951887,0.5729834246601446,-0.5858697889963393,Reality,0,0
TR0036,3.79257862001478,3.1862725633635143,2.4994811170814866,0.4157074667935397,0.8827675355159237,-0.7249443314890104,0.3927272917336024,1.9108637731144915,2.5783484094465776,0.7412687858376004,-1.362318965756667,0.9550844254835554,Comedy,0,0
TR0167,-1.6456864063988703,-1.117127201922861,-0.2410931038693957,0.246375085195258,-1.075207997720942,1.1832747818185312,1.148906768369938,2.7872417005419114,2.8685770054130697,-1.8899282893182685,1.09464487145782,-3.038083647196242,Reality,0,0
TR0223,0.4319744982069239,0.5171226069377985,0.0895336242970646,0.4338198618725517,-1.258470941607415,-2.058341796141183,0.5040392803216016,0.7958757378259178,0.6621153433331544,0.1977664833490356,0.0295708088787904,-0.6394415572039205,Comedy,0,0
TR0548,1.8652049362609509,0.1044326145935778,-1.2573105611116169,0.1673215756336642,-0.1472573632657308,-1.1035755701764454,-0.569699600963311,-0.7874161936824153,-1.5383120409657691,1.1395937718278817,0.8554609605061444,-0.4277162653350252,Reality,0,0
TR0266,3.0498418058615133,-0.2563080694589574,-0.0076132786251753,0.8409727461014622,1.3534317361019286,0.8467396050929406,1.7870231397304563,0.1546732704868848,3.1630519600364844,-0.5521108916898465,-2.2352327517490185,0.1409250024787506,Comedy,0,0
TR0418,1.06797950192945,0.8623707291418491,1.938284509489532,0.3853422148883713,-0.3981144326975214,-0.6323752276453161,1.8753150765806,0.0875317849659708,3.1619013337863,-0.5361088910516454,-3.546645239774977,-1.046360628324852,Comedy,0,0
TR0477,0.5711312863684834,3.279166155633477,0.6395201989172425,-0.0252658580531478,0.2380275122991837,-0.0203606559164662,-1.0144651456373552,3.855711178645332,-0.8038528447103749,1.7384296199960063,3.7169183421669865,-0.2758771049403321,Drama,0,1
TR0453,0.5028631980559756,-0.2098397723369303,-0.6956428241778442,0.0002229114109061,-0.3785015128046386,-1.1939910103700635,-0.265851561722119,-0.7654175625142376,-0.9873666792231892,0.4946515689476592,0.23496474258555,0.4864974159280446,Comedy,0,0
TR0588,0.6956809954303751,-1.015097093303075,-1.375880003176588,0.4410654601171698,-1.544662246713779,1.1851858939188635,-2.124211720726985,-1.9385006814154575,-2.994893225383908,0.4687547856996544,1.5990029282735343,-0.9934818947177076,Comedy,1,0
TR0329,2.79894365310846,2.8258061835895307,3.1916424475977827,0.6443599204660322,1.531366368124044,0.8515029327809144,1.3049802567597086,2.033315531649122,4.027931655648089,-0.1052312197588307,-2.697572850152133,-0.330201949699376,Comedy,0,0
TR0389,2.217059273610708,2.0745012513237557,0.1655505540797138,1.0736147927459634,-0.2611238614771186,-1.07669257193191,-0.9519472678906518,-0.1236348963241271,-1.8120794331489607,2.0197361691532323,0.7507366495312163,-0.6692068700093522,Comedy,0,0
TR0093,1.1016480930250678,0.8999986048776671,-0.4792721022565801,-0.1889706661036913,-0.3743313861565889,0.4933539543964984,-0.5371396810082514,-0.9591770483163496,-1.9859116027656785,1.5784176271676655,0.3150170887150425,0.7988435494390321,Comedy,0,0
TR0222,0.0629026587477762,-1.702791548372464,1.3430220306699103,0.9984098114389216,-1.502622167039066,-0.6963618146346651,-0.0176167560691324,0.5419322959732671,3.5624780041208246,-3.0392144733886948,-1.316816974849675,0.0786651855711598,Drama,0,0
TR0060,-0.4604280428513871,1.2467273945280362,0.5164591347295437,0.4675933797237633,0.314435285318718,0.5705376043146384,1.7693738590310064,0.9470023000600674,1.0342513331871412,0.7300969844887055,-1.1187614072895355,0.8621500117972086,Comedy,0,0
TR0207,1.4210870876187824,1.5560752591013036,0.4720820433457107,0.0022521030951991,1.4818413983480163,-0.8687705073837833,-0.0391417480440428,-0.8489757530553738,-1.060577600721993,1.5589537423696478,-0.8809114623196039,-1.0812476941895852,Comedy,1,0
TR0411,-0.8198270460953129,-0.1008076398901059,-0.0346244154647652,0.7880546572137946,0.4955077043688976,0.8138517442885361,-1.69989655803698,1.2985033969923,-0.8056221541578604,-0.4998060287318537,2.6738290115208105,0.727347915252351,Reality,0,0
TR0518,-0.5859371765318993,-1.9211320033574508,-1.0604463959453758,-1.3285924098804476,1.6231319543183216,-0.1665294871637902,-0.5425854844279969,-0.9920636325982788,-0.4432509776506455,-0.9653616545795454,0.4714706497616186,0.8093952035793092,Comedy,0,0
TR0272,2.192941643006103,1.4598734495783694,-0.7335046490120319,0.0015282041213896,0.9079060557994528,-0.6495331126037968,-1.528365157560276,-0.2895908149330354,-2.688367892110167,2.042068269081583,1.8866538949049472,0.7720662176229464,Comedy,1,0
TR0403,0.7217201897710416,0.6311686944505457,-0.5218076464631962,-0.4043407781201479,0.4585239259564764,-0.6321359769691918,-0.2618345299556238,0.1631166179077688,-0.9809936533544544,0.9524068489685672,0.8725543395266763,0.4718322574541818,Comedy,0,0
TR0387,2.070226023418818,-0.597947367372407,0.4408989711227484,0.6199664777274865,0.7109546947746946,-0.4704382940422268,-0.1286589412282753,0.1101069581134392,2.007432842389965,-1.183013300206364,-0.7670524185843257,-0.822554645489541,Drama,0,0
TR0244,-1.806070077964288,-1.087496895830989,-1.0333733241503995,-1.0286107653978367,0.0431509262283359,-1.1108919441474954,-1.8841757555283227,2.0602931254123984,-0.9292746159672628,-1.0593955667622017,4.263097167077138,1.2461633698754786,Reality,0,0
TR0572,-1.1508479942992778,-1.5594543071694469,-0.6014510124694488,-0.000110503899901,0.7269934764537488,-1.418291336057858,2.6066986483165717,-2.516595116489408,0.8983403163044636,-0.2733637708680065,-3.804261052556943,-0.0808017277125755,Comedy,0,0
TR0356,2.233585518101445,2.981242423608745,1.6989357420896265,-1.4679678162001484,-0.5249425552993989,-0.372357084111414,-0.4344393933482766,-0.1812844937514934,-0.7675474537460745,1.941137990503201,-1.0093364860691678,-1.0343538528510758,Comedy,0,0
TR0374,1.1413232444918646,0.7370777972310171,1.239624476395956,-0.9769141399719798,-0.8219061425088006,-0.865142919150769,1.0859401715225396,1.856535887228696,3.1121022474982976,-0.8097290943415725,-0.9636286534792364,-0.3664151702137477,Drama,0,0
TR0302,2.118277797796841,1.881070124481122,0.7133926973348846,0.8873642731411607,-0.5065013814496757,-0.5367767942789243,-0.3260341494459964,-0.2683829684074847,-0.6781751991437506,1.4794524963116964,-0.4908492876772277,-0.0632270049845023,Comedy,0,0
TR0440,2.283342761612486,-0.2097619723978244,-1.5572672790492297,-2.442567707532466,-0.9676723417887234,0.7753880783920732,-3.5120280498119385,-1.76881024855765,-4.2858435328398885,1.2810385478950943,3.0996780085162987,-1.455790740788272,Comedy,0,0
TR0196,0.921864432530672,0.0405624874982182,1.27451767445423,-0.7294613876622467,0.0642017369634547,-1.105704807153666,2.318505681498176,-0.5309062978150734,3.205127676769438,-0.7288537252253584,-3.941152117778863,-2.2049905020267424,Comedy,0,0
TR0099,-0.1140360035252346,1.416847944560499,0.1322414389790631,-0.6302251388427431,0.1366747195065761,0.3425053872247196,0.628214421960666,2.467643595759301,0.6939241032005996,0.6163460120291878,1.3506705991590358,-1.6670674899606954,Reality,0,0
TR0449,-2.2710366086036387,-0.9508729139126528,-0.7823039008279002,-0.968446898984637,-0.1826946229153032,-0.2973540509921617,-0.0841121812038746,0.1869140652626114,-0.8135866454178712,-0.3693204585622525,1.1502589091918891,-2.338393306660292,Reality,0,0
TR0210,-1.0850467865026552,-1.433330138784658,-0.6602561228120121,0.1113776700397273,0.7496807489666638,0.260693645694571,1.493000160988389,-0.3544779196807061,1.2547916950401563,-0.8724846920468721,-1.184263285759786,-0.1561997419363911,Comedy,0,0
TR0211,-1.7488972207684237,-2.9882169809222225,-2.459003561411964,-0.892307142770562,1.0948881860903312,0.6877110472329476,-0.4013133004920592,-1.8234045375625476,-1.7581687135077826,-0.7470643820239948,1.0476211078501028,-0.5800100820151507,Comedy,0,0
TR0532,-0.0911802854718148,0.9066061061325345,-0.2527459075745211,1.8092366801403408,1.7624365435397678,0.1687952976741976,-1.6484145068482423,1.5301309561158445,-1.566210283894213,0.6282243858698983,3.100771690471737,-0.0960189826117323,Reality,0,0
TR0451,-0.4775881019682801,-0.9489139042570528,-1.4402870561469383,-0.065814444505569,1.157810486830909,-0.1399348471633052,-0.2546353541608633,-1.6360029795772824,-2.000876223113905,0.6011100721617717,0.3351501997817164,0.6088079927581918,Comedy,0,0
TR0485,0.4863856125918179,2.105737922587102,2.0391251495482865,0.8880933115780208,0.0081593986763662,0.1102369885106197,-0.2261087544062414,1.0850608723884216,0.6903854650492363,0.4292318228970707,-0.5385168023400552,-1.7226843389029094,Drama,0,0
TR0333,-2.4577466856918484,-3.3340014998096867,-1.2268710928205842,-0.894956673496756,1.0667445991494775,1.5509724897557209,0.3106656345588927,-2.0896919744547144,-0.0336890582589872,-1.8549783464482368,-0.9272157313197262,1.058273053292295,Comedy,0,0
TR0529,0.2315406747252473,0.1112552925331116,-1.2405758067083794,-1.6619743124367674,0.3190790398774157,-0.0387003196606385,-1.8327267815903487,-2.1607981055984333,-4.157679264308416,1.7320312302642564,1.410659922787707,-0.13306331602981,Comedy,0,0
TR0131,1.4770011211787948,0.8791773016186323,2.3635080004696745,-0.2356955821116114,-1.073941001906621,0.5242987632500495,-2.5682533456494823,-3.099833142732596,-1.780280655831853,0.204151289280376,-1.9969984847495368,0.5985801585038586,Drama,0,0
TR0079,-0.2011685100519498,-0.6551447477004488,-0.4932810882921102,0.7068809204062869,-0.544218282993411,0.6041978519833547,0.5077391519128673,-0.3282053089749953,0.2616605642039283,-0.2285427246034554,-0.3653690444599615,1.5341767869795282,Comedy,0,0
TR0305,0.9021818349970868,2.270493857554042,0.6509305794461115,0.1099325451122735,2.893625338835017,0.3370988478261544,-0.5304791820880388,-1.5628895347840002,-2.7056795954176662,2.5035805268537543,-0.7971712026329693,-0.0494002218356014,Comedy,0,0
TR0429,1.2541584781778856,0.9434316378792464,-0.4693174353660197,0.4615190304841409,0.483600460577516,-1.5996712616576565,0.8093695073134153,0.6765557678917389,0.166612194552124,1.0499494343876303,0.1338495621374604,1.923061090981935,Comedy,0,0
TR0216,-1.6411568217629424,0.1521564109279054,0.138033793423166,-0.1861172026067657,0.1595771887190016,1.85614399908612,-0.5635801961438989,2.664084401821495,0.5133157375807472,-0.7441540484832545,2.592227737443626,-0.6251807306206972,Reality,0,0
TR0524,2.564840328564115,2.2943574628061536,2.8437978838746334,-1.3110158249210395,1.0836154369333482,0.4254575124266819,1.385084842303293,1.70648252656717,3.962389060165093,-0.3057504137494635,-2.7563881639018564,0.2030157455559263,Comedy,0,0
TR0062,2.969934719741868,1.375129806784245,-0.2971914484296292,0.2152913129881456,1.8638121800235576,-1.1529835632909111,-0.0422172334280543,-2.282289116325684,-1.9019170574859336,2.2928416169169274,-1.4799313889963592,-0.2100122166006267,Drama,0,0
TR0206,-2.171367879293096,-0.9224470201617396,1.0060125260895894,0.6305076737613742,-1.107844385259095,-0.0944187512093619,-1.886596687991212,-0.7891347681159986,-0.9639032172058628,-1.3144813584059627,0.4858838080544209,-1.880838544346162,Reality,0,0
TR0343,0.1267654909441693,-0.1427943002113279,-0.453954027942624,0.1526112306365715,-0.5120591931049905,0.0863890461208774,0.2419533517813119,-0.7015040981549546,-0.5337087423368598,0.4091303078251693,-0.3428904429912783,0.6759946399151754,Comedy,0,0
TR0102,1.4476957165657391,0.257862808122305,1.4665025634840614,-0.0642290112343749,1.0390793029007033,0.5228347409226489,2.852395443352866,-0.1939059606015338,4.058864933393959,-0.7810680992954921,-4.445321125273697,-0.509211152790656,Comedy,0,0
TR0053,2.4265824813895724,-1.35104803776991,-0.4296045425571093,0.0566499700638883,1.0238865721522468,0.7157507133646882,-0.9080626384852478,-0.1328069182938424,1.2706308762492615,-1.340067716862351,0.373891026701841,-0.1814602676175554,Drama,0,0
TR0248,-0.9406204952746466,1.4045104918857991,0.3600989473583017,-1.151756952405918,0.8504751993652416,-0.7859041769691567,-0.3611005755534238,-1.4901792471390043,-2.76850178874844,1.8832162876723355,-0.4928227547810455,1.1993558573513077,Comedy,0,0
TR0156,2.093128552995564,1.7777618584972794,2.2747568702216068,-2.1763680341489144,-1.9202698441344577,-0.5663469940597115,1.82591054757366,0.3605081459876786,3.164914104091395,0.0515755173912158,-3.6003238690820494,-0.4238521219307208,Comedy,0,0
TR0190,-0.6096407943708377,-0.8220447083131038,-0.4179065246630835,-0.959993432479162,0.5649010390453627,0.5313451792605516,1.3370149686645791,-1.1752259268686485,0.4345422822737231,-0.1249705651093436,-1.76996321903667,1.6306590262094318,Reality,0,0
TR0176,1.912210677770538,2.3142958996556597,1.3001006202045176,0.4791428077055294,0.7847820667759331,0.3276338148904723,-0.5446092593414322,0.4835268208083951,-0.2938564796596257,1.28379691233048,-0.1736102959203465,-0.5711848833334201,Comedy,0,0
TR0284,1.6935466815733746,0.6611375933007174,0.0201445332096124,0.5378128520801992,1.410129824501556,-0.6125089743242744,-2.503998800368461,-0.7756382434972995,-2.3693172031936838,0.8170939232750337,1.6632077130050025,0.6906718384792647,Comedy,0,0
TR0126,0.9131126255959268,-0.0084982154122457,0.0612442193840233,0.683939447113138,-0.2478171838248984,-1.1759631900958205,1.3515420971966972,-1.211583938752049,0.7725758894488224,0.3174340811141199,-2.3535175108679245,-0.2752682593075201,Comedy,1,0
TR0473,1.1967459956017903,-0.0493881135620184,-1.356682953516111,-0.9470867265065784,-1.0047924033818345,1.4421768867053593,-0.3182236959708164,-0.0597152113401133,-1.1194724409153671,0.8428179146366479,1.3020821421827482,-0.9927557779091551,Comedy,0,0
TR0034,-0.2519882737818921,-1.5736795673703952,-1.583384403770311,0.001137624007157,-1.4502880306875778,-0.4712069685261553,0.2340562139517386,-0.1736663579794711,-0.0644908910534842,-0.510064732800221,0.8139784923740152,0.1925551866058891,Comedy,0,0
TR0122,-0.8876668650130093,0.7038991867358486,0.0702051804695632,1.1263730008723591,-0.0060219318035211,0.6693527436117546,-1.2991876349119205,1.3060744395744088,-1.2479563181649138,0.3197707327634954,2.4124149732215594,0.5509220539928951,Reality,0,1
TR0421,-0.3232277063325728,0.6715881329005075,-0.2386077101185066,0.5286760155229787,0.9371936601920752,0.3775384168351602,1.7335777385571804,-0.4378639920906524,-0.0198772097401792,1.115177712901641,-1.4926840878294674,0.1945616725516279,Comedy,0,0
TR0146,-0.1456865512747718,-1.8900226550309471,-1.7736584401272824,-1.254936564096708,0.8425301377814906,-0.5543752380822036,-1.5025801132837944,-0.7572284679501899,-1.6301652280689751,-0.5485176271521253,2.142661044197414,-0.825402219329642,Comedy,0,0
TR0120,-0.2761709412561959,2.9330969108741947,0.5069394982054836,0.1011702469529399,-1.50646450522258,0.6949000817643155,-2.058434302629897,1.7403878795741754,-3.1584238900026573,2.2501124328227915,3.455447454020822,-1.1485234336348895,Drama,0,0
TR0038,1.6656486478725472,1.8875081728528316,1.4855502498815354,0.0936524614109594,-0.8275921588188708,-1.2165297358147626,0.0306556200687003,-0.3199072472065318,0.1692120593678623,0.9899659632360092,-1.50696531188058,-0.1755010829763246,Comedy,0,0
TR0160,-0.9907428817401408,2.049429465614449,0.7227555023887636,-0.3450301256591648,-0.3708936340410466,-1.1425596339942274,-0.7613609582372229,-2.0167800763408468,-3.739908369413364,2.516673062983987,-0.6482781018554471,-0.7452000967943564,Comedy,0,0
TR0074,1.4497585046205828,-0.6431109657385145,0.6732841578780608,0.0628362764593928,0.4536859025188584,0.8634175729331507,0.5821701448294083,-0.9574373333604282,1.885524422250414,-0.9653509804602538,-2.2883700037104457,1.814980163614572,Drama,0,0
TR0098,3.647101815284161,1.3487338340491712,-0.8951458318754479,0.3652073856905927,-1.3693327076773745,-0.2347472779550641,-0.0487365031536476,0.4107199873672704,-0.4590663990076036,1.6929447897523089,0.808342996352049,0.5907163012733591,Reality,0,0
TR0538,0.9596769420894794,2.0003371495018527,-0.0792572552072572,-1.478215229184696,0.1034729341474018,-1.4584948777846516,-0.0936076460617724,1.6247264951194034,-0.7616644682715619,1.612064051820756,1.5943736157982396,-0.2648540482250964,Reality,0,0
TR0250,0.6685331964100174,-0.4689147681773863,1.3027276730093544,-1.0384119055424803,0.1710403753621805,0.3946835773195821,-0.6794030418301386,-0.3324341947626608,1.4193543899878174,-1.4005165178374277,-1.0618557332780842,1.4112805198774403,Comedy,0,0
TR0480,-1.467530836608576,0.2940205139339699,-0.5947974293458561,-0.1283113809579714,0.9850103387236416,-0.4753552634978523,-1.5839000641004837,2.806293535965386,-1.0395591959076345,-0.1379703811891592,4.35447117736529,-0.5535033613795505,Reality,0,0
TR0493,1.1167557280325004,-1.0358069427674317,-0.6387259259875305,-1.093165039169153,0.849932539548515,0.8589590059208743,-3.620357138774489,-2.502437786007441,-3.546675786390552,0.0595703613867132,1.8479133853128065,0.3664072573750846,Comedy,0,0
TR0116,-1.776233202843359,1.0167381937068258,0.8839194390795697,-0.0368364565132521,-0.4460263444415784,0.0470014054287887,-0.3481533766171933,-1.6190025398950976,-2.266099763501757,1.1913325989627976,-1.0248303899163698,0.6712795686460806,Reality,0,0
TR0252,-0.4060421278095003,1.2959107695643368,0.662487243606888,1.1648164307928837,-0.5849555751424146,-0.0692935259064297,0.2398518901644085,-1.7427344675104148,-1.7815653521687496,1.5998353537024936,-1.6536084761038214,0.5164567621182706,Comedy,0,0
TR0384,0.110492840676294,0.1728906319254856,-0.4257866795506148,-0.3113118961831205,0.7265582461596326,-0.5157720789493969,0.3442059216766711,-0.5716498843345827,-0.6774212702764628,0.6937953708980211,-0.295670206276175,-0.5655928219010106,Comedy,0,0
TR0240,1.5867056383859084,0.6386527363424331,-0.3909025589141088,-0.119537624549008,0.845902442287746,1.5650777122745465,-0.7590123669388082,-0.2358581819205976,-1.104573985235827,0.9305460150403556,0.7814006989153645,0.7646332761847378,Reality,0,0
TR0446,2.221667113202058,-0.3198352325772883,-2.367584408126095,0.6025504081743719,-1.0189613654365002,-0.69135115603483,-1.644849784271298,-0.4173212543792171,-2.708591283902821,1.298023499217411,3.0078046026595966,1.5125301445463035,Reality,0,0
TR0570,0.1739593916124698,-0.6237071850746522,-0.7135042302121721,0.4421847425663585,-0.2382790583828361,0.4638329091850851,-1.7632161125228638,-1.2511555211455931,-2.216751173732345,0.2283789070838864,1.300205158219053,-0.563067554375338,Drama,0,0
TR0481,-1.5749521366813106,-1.8707230773359385,-0.6330164221475598,-0.932618751886159,3.551269529633589,-0.512172012467078,-1.394695790270642,1.081434900537749,0.1709072262958279,-1.878582648005937,2.506399225234145,-1.4370992480497362,Reality,0,1
TR0452,0.8358462572072145,0.0767090367039865,-0.9531314702294776,-0.6431098230661485,0.1585516554002684,1.6213077243644245,-1.0839957352831475,0.13188699417634497,-1.470636982643228,0.6425699553612074,1.8802412904509016,-0.5303310934675751,Drama,0,1
TR0582,1.8593163447015384,1.8700841015393923,0.4825137587348531,-1.6801919316592837,0.6058219849588176,-0.3076346833658041,-1.207401788564719,-0.1146759435154242,-1.6232363462284376,1.5884083562194204,0.7176920298971259,0.0929364623209028,Comedy,0,0
TR0555,2.832853475819957,1.8162521726303789,1.1880027952660484,-0.65298375434403,0.5920296259850278,-1.4758489440149154,0.0787957839339533,0.7199965723543846,1.1743492111801188,0.6669690689355691,-0.7981721153357189,-0.569205881686261,Comedy,0,0
TR0006,2.5126832483201618,0.4844128490417523,-1.0737255171638125,1.1106514768713962,-0.6752042336518588,-0.8016672222477731,-0.8651368632829249,-1.2137860402513152,-1.954589345036736,1.520144779477408,0.638542898238553,-0.5131736028854872,Drama,0,1
TR0262,-0.0881865182416359,3.877922392840803,0.7361745539371404,1.0571191981054493,-0.9380544109311028,1.1381415839537583,-1.9060230990027769,1.377432624815753,-3.934318785764445,3.2409389441287884,3.0426468309244488,-0.9217183698874986,Drama,0,0
TR0324,1.3102747116211075,1.216400808989037,-0.77092175835147,0.9267723699525044,-1.441567718125453,0.4353474584245402,-0.7489879911032101,-1.4044858681773094,-2.9835832227557915,2.2740187809662724,0.5242216437428163,0.1940248240945747,Comedy,0,0
TR0055,0.555674601695022,0.8019010872299468,0.1588038964656258,0.5763354308590907,-0.2083445182560922,0.2052221096030648,0.6388575054237225,-1.382474499361572,-0.8081143002039054,1.219493925767393,-1.6161853325736095,0.632839687415522,Reality,0,0
TR0312,2.7849855541399196,1.6627171588237208,0.916127066970986,-1.4325514643716653,0.934205378823784,1.5068497229864748,-0.1763920724552246,-0.6540486519037876,-0.0623936504107874,1.1769561465476277,-1.2730609565277071,-0.3206682893621439,Drama,1,0
TR0008,0.9189478256819592,0.8655195784890289,0.7477251698721359,-0.3807671520117792,-1.5917224044289868,0.0139529071850951,-2.6625180652558056,1.5901577129586488,-0.7667683814653786,-0.2531265490462382,2.9534512956148147,-0.6150765984290214,Drama,0,0
TR0121,-0.1802793467992778,-1.344811913614782,1.0750823881302385,0.0007237668122421,-2.78016146174135,-0.9845864285553124,-1.7054185111314366,-1.7476300032253242,-0.0148823468001487,-1.650097884923332,-0.9000326228908239,-0.4184091728873028,Drama,0,0
TR0332,1.5840071527592685,1.685136340408501,0.3542264325316663,-0.3199831156651536,-0.3578798804762061,-0.2842758272485742,-0.3030298654050136,-0.9703282366707822,-1.5315647759442867,1.812055219109797,-0.6015817968993228,0.4122355563857394,Comedy,0,0
TR0019,-0.1883664760242154,-1.5324948111349637,-0.3382329043443162,-0.0959368059346877,1.5127038164884543,0.4409467927419963,2.7484178977982934,-2.082585937156078,1.9799670173763135,-0.6610756890119269,-4.068123354185099,-1.2679832457462552,Comedy,0,0
TR0166,-0.606290198929623,0.5792856556933818,-1.5338561288246817,-0.3192866983296754,-0.8569321796300193,1.0790268927755668,2.212117785087676,0.0838907301596242,-0.7034263546641623,1.7915893505126022,-0.3306972682570084,-0.0723039087097348,Reality,0,0
TR0494,1.9466239539543004,-0.222352277369789,1.198021760909333,0.6766397358365916,-0.4740231538646128,-1.0570281495997835,3.4505939129766565,-0.6336546698968524,4.693771979785835,-0.9944163266960752,-5.277581923589822,-0.950285579620354,Comedy,0,0
TR0164,3.689371581353889,0.4760823139154605,-1.7028932934101442,-0.7794675931669739,0.4522008776927624,-0.5534323363030768,-3.773990228599837,-0.4988647831859066,-3.8993191177005615,1.5788323708289675,4.259725905047706,1.3750244353392564,Comedy,0,0
TR0143,-0.1943520357639273,0.7925968922492258,0.2055006725477082,0.0216897210273141,0.4426947481331852,-0.2831961011204951,1.384670159133689,0.2739771801274278,0.5656696451568053,0.6635260068073567,-1.086481656164204,1.2502994536840597,Comedy,0,0
TR0509,2.8612561243115726,0.8051009671223308,0.0438817052806219,-2.437550583922212,-0.9812973962317652,-0.3966779975851165,0.5883895932213881,0.0202026743454651,0.9891782625745172,0.6268282044619006,-0.9378573157520392,0.750851385476437,Comedy,0,0
TR0101,-1.645135929851056,0.5529232470553592,1.3772172656504658,-1.7801762064725302,-0.651317814300048,0.5540574862594693,-3.411883787429127,0.1715461434581427,-2.456558345939481,-0.356289659297043,2.5097246788461245,-1.6888665203014883,Reality,0,0
TR0304,2.245057394066324,1.3841262604075346,-0.3319617848415832,0.7086111295472733,-0.0412162875359559,0.5556465175100503,-1.264663305648418,0.4031312915651397,-1.5067349443593585,1.425362895787691,1.7040378266752505,-0.3409973794830628,Comedy,0,0
TR0566,0.0904504080963222,-0.2145997493689948,-0.6017757841570156,-0.6067272893301504,-0.7075658168035135,1.2034119131336083,-0.1049876632835553,-1.3186875050459046,-1.3030751938942695,0.6516291242826656,-0.3090817299338519,0.4572431307315527,Comedy,0,0
TR0547,3.0598690386398277,2.965838753431433,2.022967822843726,-0.9148265124781376,0.1453118272197456,-0.3446968578542013,-0.0517720899678342,0.48790829068782626,0.7019538544441923,1.3944595285229442,-1.382016615997416,1.388727433850572,Comedy,0,1
TR0090,-0.6202187646532524,-1.4014801229190987,-0.7625495127816264,-1.0599097018128545,1.3928860255167836,-0.5129454350515917,-2.137625835535744,-0.8765075963551796,-1.8704797717085448,-0.6664932521003183,1.919762376518409,-0.559781585723045,Drama,0,1
TR0410,-0.6726187726851309,-3.100946331193062,-2.276787466092042,0.5494903924478657,0.8621016600099097,-1.4974647741413851,-2.794983505410121,-3.85761564092223,-4.155742215285443,-0.4059754454916688,1.5131156663694194,0.4566393534587699,Comedy,0,0
TR0455,-0.1555438421240895,-1.5739773285428005,-1.816368499836915,1.2710547736440416,1.5931427525303206,0.1536355748871115,-0.148712443268006,-2.0733379741513964,-1.7948200264056808,0.312297305614541,0.0720018590785993,-0.4340643003890546,Comedy,0,0
TR0221,3.821792545446327,2.820475258414125,0.023428214059086,1.0461265547614744,-1.0950551814309784,0.7596559198738804,-2.794858049585823,0.0413376399020659,-3.353191717214437,2.732484786692848,2.6251782512787067,0.7674699893500783,Comedy,0,0
TR0033,-0.9121614986527398,-0.5048162589917121,0.1474479993739651,1.5546163775528186,-0.4934601870277508,-0.7655634241621743,1.5687811584637683,-1.422718987362364,0.5823742981414871,-0.0679100420843007,-2.558248924702742,-0.4776279496243689,Comedy,0,0
TR0022,0.1233181621542833,1.1867640604475906,1.94660591122878,-0.0698079198487179,-0.3171923904419999,0.0065704802616224,1.3006844486130669,-0.70116380647257,1.4366025347646896,0.1607821861384519,-3.288775615783394,-0.7750013077338339,Drama,0,0
TR0276,-2.528673111646576,-1.1021658416580562,0.2783065823872883,-1.9043244916717508,-0.7806292639326621,0.0709075803486479,-0.9046805475280764,-1.557023102788586,-1.429011748556831,-0.6768028110019995,-0.2622562526750366,1.699377830961622,Reality,0,0
TR0472,2.2209390375188995,2.75359107050723,2.518278542066545,0.0002713359107899,0.7101708004459386,0.753725657974989,0.4475343702646006,0.9927104914155668,1.7816684864103498,0.7005986958317775,-1.8686250277813925,-0.82135929595942,Comedy,0,0
TR0436,-1.1926017591354372,0.7365030736753355,0.5568535198521537,1.256551571256015,0.0072460899362935,0.7545845286693889,-1.445072145927076,-0.8430315445987913,-2.412763910388144,0.7834722854477273,0.6783157783651973,-0.1345586089276152,Reality,0,0
TR0054,0.2088558158359814,0.1830543189992285,-0.3932099514439488,2.1425596542717,-1.1045465429264738,-0.1621943037970485,-0.7690786910592423,-0.3924789056778305,-1.3697310307282118,0.5956431136140858,0.8377026929522677,-0.6902507607717075,Comedy,0,0
TR0145,-1.501252882366319,-0.1390321912558287,1.9447498789117428,0.4940303466106014,-0.6262058639118974,-0.3826491632585865,2.615201120061428,0.0603469492174002,3.606456568582757,-1.4185955340934495,-4.027863836920777,0.8053826386662379,Comedy,1,0
TR0460,0.3444576237046453,0.2692059437494989,-0.2396989454486843,0.2392684530081853,0.0586091166825738,-0.721535896386268,-0.622701252432265,-0.953016876349628,-1.4831168088635625,0.7682427410476497,0.1629256356987766,-0.7125890142996226,Comedy,0,0
TR0107,-0.0963923901239662,-0.6145772524236228,0.1845592033475138,-0.0859424316477256,-0.9031118557855844,1.443889188071129,2.616889813487319,-1.4666478797982827,1.906681726233023,-0.2515004468085415,-3.803588069838165,1.2035317598871076,Comedy,0,0
TR0519,2.1305444711962043,-0.5746419082442598,0.406520641913454,0.2487600538884871,1.880945377851212,0.6148272806498328,2.0180479360967576,-1.520747000986175,2.611055805103701,-0.535103191899428,-3.901506854150316,1.8273886763549487,Drama,0,0
TR0367,1.5479684657383763,2.436469184710616,0.9445840148167756,-0.3409058050497452,1.206469844619888,0.209955328455952,-0.0742040814488139,-1.1389766796461345,-1.6411687599432567,2.2803819374736207,-1.2999165221707505,-0.9781421745178122,Comedy,0,0
TR0015,-1.0493139871433668,-1.56613589713169,0.711323931493684,0.1513594867234783,-0.161370029005122,-0.8701107153978833,-2.996559957158832,-2.433357444022896,-2.024221083576223,-1.3387213922201764,0.3110650074581024,-0.121795448042293,Drama,0,0
TR0372,-1.151275459525712,-2.3564489625340763,-1.251258146161941,-0.0079487893907597,-0.662886206354911,-0.2466917698544317,-0.4799606405199068,-2.304071917708577,-1.2460161625410635,-0.8002574519756496,-0.3095858137363506,-0.4669690230419155,Comedy,0,0
TR0326,1.2136575718412868,1.6995765827895202,1.417841510170963,-1.0087920906524224,-0.9810429121685136,0.2848075327990231,0.6320767336171464,0.2579252186291274,0.9349047206972804,0.6728355759566649,-1.5760171055140522,0.064846430076144,Drama,0,0
