A,B,C,D,E,F,G,H,I,J,K,L,M,N,O,genre
0.6264973171653555,2.6855482443893606,1.0103404183734102,-1.5201168757368582,0.5975206329963129,-1.5201168757368582,0.9395945952577568,-1.7730543925258722,-1.5201168757368582,-0.9629274231455561,-1.5201168757368582,-3.279176535938945,2.5001322976655107,0.3718227500733538,0.06626316263507429,Comedy
1.0924150415536467,3.3067589071277306,3.6305995473659634,0.701183062581611,-0.4645218331131366,0.701183062581611,0.9878971817168626,-0.9003864933787118,0.701183062581611,2.63821034964052,0.701183062581611,3.1216876646291607,0.025020033988409796,-1.6746954650397419,1.2830043083691298,Reality
1.7707637200497046,1.673773285484198,-0.48804058209050816,0.2540608407313618,-0.2345217664932571,0.2540608407313618,-1.8794438219408103,-0.49996561205635964,0.2540608407313618,0.4477285711858421,0.2540608407313618,-0.9664038632960278,1.899810154684707,0.6034896750249558,0.7843072182639617,Reality
-0.22796340507084034,-0.6351660527746508,1.0567731747845766,-1.1410622515102125,-0.05109109977285665,-1.1410622515102125,-0.65576931991948,-0.24134961569521182,-1.1410622515102125,-0.9569550934083326,-1.1410622515102125,0.156782866422395,-1.1213751961996132,-0.6889314802704766,-0.5386810857672925,Drama
0.17637453440472173,0.07764627751569604,0.2652282870360083,-1.625008505676535,-0.9476408410321927,-1.625008505676535,0.4409246976484417,-1.78273872108801,-1.625008505676535,-3.088649082246646,-1.625008505676535,-2.9972286140941384,0.9444666621221214,-0.8479345191142168,-0.4778113438969594,Comedy
1.888571764753485,0.18170986006291084,-0.36723134615279984,-1.5673756025434906,0.09912854929143729,-1.5673756025434906,-0.7577511050136774,2.4442428547277175,-1.5673756025434906,-0.00410550233051965,-1.5673756025434906,-0.9501297036465376,0.29330457023074974,1.5144217931503494,-0.3578908845548504,Drama
2.5126832483201618,0.4844128490417523,-1.0737255171638123,,1.1106514768713962,,-0.6752042336518588,-0.8016672222477731,-0.8651368632829249,,-0.8651368632829249,-1.9545893450367362,1.520144779477408,0.638542898238553,-0.5131736028854872,Drama
1.031569129437144,0.8923694701237259,0.5205763490725931,-0.46645149796785995,-1.9205087078488672,-0.46645149796785995,-0.379220055758977,1.1061383601650299,-0.46645149796785995,1.0646038978555783,-0.46645149796785995,0.4072239624682659,0.14532676673881462,0.7060048764007785,0.0902618120876024,Drama
0.9189478256819592,0.8655195784890289,0.7477251698721359,-2.6625180652558056,-0.3807671520117792,-2.6625180652558056,-1.5917224044289868,0.013952907185095132,-2.6625180652558056,1.5901577129586488,-2.6625180652558056,-0.7667683814653786,-0.2531265490462382,2.9534512956148147,-0.6150765984290214,Drama
1.738433900897728,3.145199771071879,2.506006576104859,,1.5469759406715233,,-0.0817765716008664,1.4882932720101656,-0.6238571775312884,1.1340831499808934,-0.6238571775312884,0.38566486142090983,1.1155996768995782,-0.5517900903021977,-0.09042432000601276,Drama
0.5735378769659548,0.6442668536542548,0.8047261966486305,-2.1490479333955843,-1.1278436945788586,-2.1490479333955843,-0.7199449458769396,-0.6483831435592867,-2.1490479333955843,-2.081270935119078,-2.1490479333955843,-2.6017319617582513,0.7874439267116518,-0.10321725269474702,-0.1702276238019089,Drama
0.25635292280650923,1.5456534057569318,1.4269637292908872,-0.5058520142967127,-0.12701201552762542,-0.5058520142967127,0.29006335065071354,-1.550602008185316,-0.5058520142967127,1.712903346963682,-0.5058520142967127,0.7118003451768756,0.046603341989356895,0.6436665969583192,-0.8671034443946277,Drama
-1.3920961858803467,1.7833729342497466,0.21491516385980225,2.885409297595122,2.3126697758290953,2.885409297595122,0.17295568961913405,1.3354322909249838,2.885409297595122,-2.312267950050609,2.885409297595122,-1.499016394629863,2.774318845699666,-3.8232949523657225,-0.19042092048512335,Reality
0.4971156410876788,-1.7824576468861069,-0.1724248490396465,-0.16357783923658076,-0.03885277915517191,-0.16357783923658076,-1.4040014794960693,-0.3957207808707981,-0.16357783923658076,0.14430474840641272,-0.16357783923658076,1.8757932740057865,-1.933136791510116,-0.12116562064968035,-0.3329136059605516,Drama
2.1386904941411147,1.0538942891375238,1.0571642083884623,1.511061348313297,-0.2621172441957763,1.511061348313297,-0.4199241738963823,-0.2101041343833807,1.511061348313297,0.1056382835824643,1.511061348313297,2.247747642429123,0.21201222514451856,-2.5131562647599655,0.6466440985482518,Comedy
-1.0493139871433668,-1.5661358971316899,0.711323931493684,-2.9965599571588317,0.15135948672347838,-2.9965599571588317,-0.16137002900512204,-0.8701107153978833,-2.9965599571588317,-2.4333574440228958,-2.9965599571588317,-2.024221083576223,-1.3387213922201764,0.31106500745810245,-0.12179544804229309,Drama
-0.07998817341210263,0.9256468127293543,-0.6821937275097646,-4.927219202100708,0.0706338503527441,-4.927219202100708,-1.6807473487144304,1.603644404381731,-4.927219202100708,-3.8909452285503434,-4.927219202100708,-8.119659384960082,2.8191544271491136,2.893065841097666,0.8782098722846187,Reality
0.10530467490790452,1.7411832694564695,2.025183937073953,-2.122955509126559,-0.4917203544476977,-2.122955509126559,0.43542167699987194,1.097936961679578,-2.122955509126559,-1.4881146953328692,-2.122955509126559,-2.2741558198711433,0.9471784214082458,-0.511812726382467,-0.7535289073587164,Reality
-0.48270049379815205,1.471789203027692,0.3358769292885031,-0.6754425147075754,1.3964433059235086,-0.6754425147075754,-0.7151032804076985,-0.620795957866303,-0.6754425147075754,1.7287169956206183,-0.6754425147075754,-0.8220233006667872,0.8021108509235996,1.972303683853414,-1.0081838734490973,Reality
-0.1883664760242154,-1.5324948111349637,-0.3382329043443162,2.7484178977982934,-0.09593680593468777,2.7484178977982934,1.5127038164884543,0.44094679274199633,2.7484178977982934,-2.082585937156078,2.7484178977982934,1.9799670173763138,-0.6610756890119269,-4.068123354185099,-1.2679832457462552,Comedy
2.25906109904198,0.9658831010625369,0.4569125026960846,0.07752631290301482,1.0702047771745598,0.07752631290301482,-1.9680313008567285,0.6504480682223682,0.07752631290301482,-0.1502481403524195,0.07752631290301482,0.46805400874453357,0.6080801896115294,-0.8047876068149941,0.28557854503764124,Comedy
0.5089108775802915,1.6197075380036396,-0.12640528590128752,-3.1988302156295596,-0.02826805706409445,-3.1988302156295596,1.754662342559219,0.19208024302984453,-3.1988302156295596,0.8043227347456297,-3.1988302156295596,-3.5950802320302784,1.5092639351683514,4.015825504672986,1.8487680546984357,Drama
0.12331816215428337,1.1867640604475906,1.94660591122878,1.3006844486130669,-0.06980791984871797,1.3006844486130669,-0.3171923904419999,0.00657048026162242,1.3006844486130669,-0.70116380647257,1.3006844486130669,1.4366025347646896,0.16078218613845197,-3.288775615783394,-0.7750013077338339,Drama
0.7520977292782122,-0.7910077666015977,-0.9477790438974186,-1.8522207692515997,0.49337764157602665,-1.8522207692515997,0.8916641311430337,0.8298454600570216,-1.8522207692515997,-0.9484083797519149,-1.8522207692515997,-1.8984010673076568,0.058593203396840376,1.6617472681136876,-0.4156864272231616,Comedy
-0.21049057422060835,1.6488795688874225,1.259083685707328,-2.422539011230015,-0.015765311413304412,-2.422539011230015,-0.6975939040993688,1.6350035455554006,-2.422539011230015,0.7587514115406813,-2.422539011230015,-1.9129780422438452,0.6283028332789429,2.081930586504673,-0.17234514367399148,Reality
1.821290111480208,-0.37189020953572516,-1.7422345554879874,-1.3353180892617706,-0.6065673054851061,-1.3353180892617706,0.7427313417478805,1.4725259607044792,-1.3353180892617706,-0.6175089036883001,-1.3353180892617706,-2.0639891865090303,0.8971894469932017,2.0484871459003475,0.8466272309596973,Comedy
-111.87153623603605,0.1879881569277563,-0.18514747912463547,0.9116345559006802,-0.7744850931794738,0.9116345559006802,1.4760975347340062,-0.34404152078624417,0.9116345559006802,-2.051802108675435,0.9116345559006802,-1.511845992676944,1.163927222542362,-1.8402230281800243,-0.21110563344238453,Comedy
2.379472994111384,2.95773021808857,3.6165407316771185,1.1920646861112842,-0.22872791023237946,1.1920646861112842,-0.33196701840893705,-0.23516338747772994,1.1920646861112842,2.721326818118465,1.1920646861112842,4.501386818768771,-0.4754431489334716,-2.4052986663291196,1.7603154718388292,Comedy
-0.5033460002993857,-1.112023351927428,-1.7633490090453687,-0.2918893157507413,-0.26659012626241896,-0.2918893157507413,0.960620225052111,-1.4027728135224664,-0.2918893157507413,2.6482375856067932,-0.2918893157507413,0.5573525236697071,-0.8507624146801331,3.5890477545935626,-0.5692881280957387,Reality
3.954371856027012,2.3433837459492497,-0.3949200640266997,-3.6116782350525938,0.0002448149687454136,-3.6116782350525938,1.9052107151782816,-0.7944226091011399,-3.6116782350525938,-1.0258583699819939,-3.6116782350525938,-4.567067364469482,2.861384930597283,2.918251238544997,1.1863860786739728,Comedy
0.7044133951589129,1.5411684556868261,0.296617099376151,,1.2078773756872543,,-1.5194441978502269,-0.6350151804304017,-1.1976408271728127,,-1.1976408271728127,-1.0689402318300323,0.9485335716442818,2.011856908698843,0.7798647258017012,Drama
0.942316019888028,-0.059991668847237986,0.9112476800217469,0.22146279745822461,0.011932358298841941,0.22146279745822461,-0.03724718935312274,-0.6293211943414195,0.22146279745822461,-0.18478184946544496,0.22146279745822461,1.5090756417871964,-0.7297817593452465,-1.3964545155472612,-0.3696979955997096,Drama
0.9236131894717449,0.4431208668028226,-0.7455001431774402,-0.9395278559330584,-1.2131248438596531,-0.9395278559330584,-0.7949893859642774,-1.2237354109823884,-0.9395278559330584,-0.8398318665226615,-0.9395278559330584,-2.10947777634031,1.2334554558528241,0.9519929114154331,0.8320983862294244,Comedy
-0.9121614986527398,-0.5048162589917121,0.14744799937396513,1.5687811584637683,1.5546163775528186,1.5687811584637683,-0.4934601870277508,-0.7655634241621743,1.5687811584637683,-1.422718987362364,1.5687811584637683,0.5823742981414871,-0.06791004208430074,-2.558248924702742,-0.4776279496243689,Comedy
-0.25198827378189215,-1.5736795673703952,-1.583384403770311,0.2340562139517386,0.0011376240071570263,0.2340562139517386,-1.4502880306875778,-0.4712069685261553,0.2340562139517386,-0.17366635797947116,0.2340562139517386,-0.06449089105348423,-0.510064732800221,0.8139784923740152,0.19255518660588913,Comedy
0.6043527040942274,-0.3004948190963865,-1.032169059944086,0.12682673058979022,-1.421941854725516,0.12682673058979022,0.0479935375491138,1.2001954350452753,0.12682673058979022,0.2486884135192433,0.12682673058979022,-0.2359201468621724,0.2776062920626323,0.8362932961035052,-2.0001396679512715,Comedy
3.7925786200147797,3.1862725633635143,2.4994811170814866,0.39272729173360243,0.41570746679353976,0.39272729173360243,0.8827675355159237,-0.7249443314890104,0.39272729173360243,1.9108637731144913,0.39272729173360243,2.5783484094465776,0.7412687858376004,-1.362318965756667,0.9550844254835554,Comedy
1.4228079572155137,2.4378219052601895,1.6407278567983132,0.48728234234789986,-0.848218720763202,0.48728234234789986,-0.3840263671357282,-0.9931712915658243,0.48728234234789986,0.28379419084239443,0.48728234234789986,0.39545381700889126,1.2981557961987868,-1.4883989026459863,-0.6287656797492027,Comedy
1.6656486478725472,1.8875081728528313,1.4855502498815354,0.030655620068700373,0.09365246141095943,0.030655620068700373,-0.8275921588188708,-1.2165297358147626,0.030655620068700373,-0.3199072472065318,0.030655620068700373,0.16921205936786238,0.9899659632360092,-1.50696531188058,-0.1755010829763246,Comedy
0.7443034313882667,-0.2840121949853362,-1.0604713690042433,-0.6489752961069452,0.6741680309853713,-0.6489752961069452,0.26000910429086566,-0.9534213579968992,-0.6489752961069452,-1.1055078920455241,-0.6489752961069452,-1.7052290826575929,0.7705504584914299,0.6450665457201735,-0.3290373989340846,Comedy
0.6987235040260876,0.26465358815155143,-1.167211378417821,-0.5668369591572836,0.34897935269220576,-0.5668369591572836,-1.3009299307942108,1.2748206871657046,-0.5668369591572836,-2.1161436800976405,-0.5668369591572836,-3.0013206655684264,1.8121437235020867,0.11776724807334425,1.2355341229733747,Comedy
1.8655279303631185,1.1205950192532823,-0.48535876969039987,-1.5392508090858872,-0.2051411384495402,-1.5392508090858872,-0.7343984709786331,0.7028099955750022,-1.5392508090858872,-0.2677237502962573,-1.5392508090858872,-2.2160463971879207,1.507976638587194,1.65596422790138,-0.3966303118336512,Comedy
2.735841431601992,1.9629683625248158,0.17340992833841629,-0.8034458323941789,0.9274002996911587,-0.8034458323941789,0.15040406671060405,0.4664302456225344,-0.8034458323941789,1.506433558645926,-0.8034458323941789,-0.279181093887702,1.2784222013037312,1.5963148506511433,-0.34590013131969877,Comedy
-0.15534210039249619,-0.8581920159504527,1.0297039686511804,-0.9287997987366681,0.06956821464859547,-0.9287997987366681,-0.8786683026789875,0.7752910276933037,-0.9287997987366681,-0.5011347501711986,-0.9287997987366681,0.8567004706819813,-1.5109045024150012,-0.6206695212726391,0.10567420747158138,Drama
1.8931832451585477,2.5645307233975183,3.42984737851313,1.5235674559776642,-1.4922970758617482,1.5235674559776642,1.62988058395937,0.20297363682191427,1.5235674559776642,,1.5235674559776642,4.399765679626236,-0.5377527520952039,-2.92550521743921,1.3892809616095911,Comedy
-1.7359247923892693,-2.5278216355032024,1.3275610704519565,0.5683502440273893,0.9843111824169477,0.5683502440273893,-0.38042431033117696,1.2854586459565474,0.5683502440273893,1.4227342600544295,0.5683502440273893,4.6174553173273525,-4.094690631602718,-1.110900193095017,-0.9701108143661225,Drama
-0.3376724313170511,0.7271489966379422,0.05845290894214272,,1.2161728548322228,,0.47260762541059254,-0.13862896924794033,-1.2491812523242145,,-1.2491812523242145,-1.037370865071674,0.33415861990408496,2.229242373380605,1.2149481805890479,Reality
-0.0069691875598052455,1.3923741927994884,0.6839827057744189,-0.9237469179600291,-1.1601994791478347,-0.9237469179600291,2.645500437364312,-0.23810066223490833,-0.9237469179600291,0.46523054973030376,-0.9237469179600291,-1.1666439654668257,0.866674007337202,0.8977170729351683,-0.10035618504321979,Reality
-0.5318786176679282,0.40008283047541315,0.2199114307634038,0.6205026312577056,-1.4871058318487036,0.6205026312577056,-2.123584651109731,0.16024224397301132,0.6205026312577056,-2.3538544331267746,0.6205026312577056,-1.4630525891896313,1.161244545924152,-2.215325217431898,-0.6607426247924161,Comedy
-0.17032113883630673,0.9872445040393467,0.3464388871530617,-1.0258354077753358,-0.4766243773850957,-1.0258354077753358,-0.07059042564087419,0.5303108118028395,-1.0258354077753358,-1.285575042811552,-1.0258354077753358,-2.385022215210159,1.2904512341536465,0.03999572072455008,-1.7953435029143943,Drama
0.47472044546518083,-0.4571230329474174,-0.24469263818730114,1.6199250423584202,-1.7038863015835604,1.6199250423584202,-1.410584324619759,-1.0649057306851355,1.6199250423584202,-2.1788755841940453,1.6199250423584202,0.305370831546972,0.422135238933005,-3.0115907113309,-1.041095902819772,Comedy
-1.1583104453511497,-0.0050770281653081525,1.6025272208437458,3.005167443499066,0.3555962106658118,3.005167443499066,0.2881851014622487,-1.0582719616228886,3.005167443499066,-1.1592592394304853,3.005167443499066,2.7814351130665393,-0.6181021873021675,-4.946485780057666,0.6676081003176835,Comedy
1.039177253479448,-1.68501510732559,-2.037451698362859,-2.420395758864703,-1.2999104420555727,-2.420395758864703,1.2779862081921387,0.045309117649639755,-2.420395758864703,-1.2763510081292129,-2.420395758864703,-2.6389494177535204,-0.05767658036466139,2.729299391879905,1.096913508977511,Comedy
2.4265824813895724,-1.3510480377699101,-0.42960454255710934,-0.9080626384852478,0.05664997006388839,-0.9080626384852478,1.0238865721522468,0.7157507133646882,-0.9080626384852478,-0.1328069182938424,-0.9080626384852478,1.2706308762492617,-1.340067716862351,0.373891026701841,-0.18146026761755546,Drama
0.20885581583598145,0.18305431899922855,-0.3932099514439488,-0.7690786910592423,2.1425596542717,-0.7690786910592423,-1.1045465429264738,-0.1621943037970485,-0.7690786910592423,-0.3924789056778305,-0.7690786910592423,-1.3697310307282118,0.5956431136140858,0.8377026929522677,-0.6902507607717075,Comedy
0.555674601695022,0.8019010872299468,0.15880389646562587,0.6388575054237225,0.5763354308590907,0.6388575054237225,-0.20834451825609226,0.20522210960306483,0.6388575054237225,-1.3824744993615719,0.6388575054237225,-0.8081143002039054,1.2194939257673927,-1.6161853325736095,0.632839687415522,Reality
2.1512728974206707,0.381794032264534,0.17691172256689003,1.3195238519804586,-1.1388829412997687,1.3195238519804586,0.46227137347700986,0.9297031772140151,1.3195238519804586,-0.2974683949562582,1.3195238519804586,1.6180632091561244,0.24309072253979047,-1.94513999192742,-1.0910260420879312,Comedy
1.5926395315132529,-0.7168095980745576,0.8529874086983599,3.398996610741386,0.2547988863899574,3.398996610741386,-1.2379293381295429,-1.1593649841952818,3.398996610741386,-0.4289072780134492,3.398996610741386,4.777474632724092,-1.3352341887433739,-4.815838379060712,0.8572237692996922,Reality
0.163532206494291,1.1689985735881263,-0.1361612964696104,-2.4008998207561363,0.04315130802705433,-2.4008998207561363,0.5484041657793068,-0.9766990200379218,-2.4008998207561363,-1.6769872025239783,-2.4008998207561363,-4.266964571857636,1.9304273722033094,1.5141400763615138,-0.8694141796801166,Reality
-0.8649340887038961,1.8560184200557295,0.2818866802811627,-0.8680505612503053,-0.4627280119324066,-0.8680505612503053,-0.12268738045211793,1.2210927059211139,-0.8680505612503053,-2.5325718050883177,-0.8680505612503053,-4.361844018195025,2.790683079057194,-0.5570261736673643,-0.09007339940168936,Comedy
-0.46042804285138716,1.2467273945280362,0.5164591347295437,1.7693738590310064,0.46759337972376336,1.7693738590310064,0.31443528531871806,0.5705376043146384,1.7693738590310064,0.9470023000600674,1.7693738590310064,1.0342513331871412,0.7300969844887055,-1.1187614072895355,0.8621500117972086,Comedy
4.112844289874273,2.3145082573187428,-0.27431071075228897,-2.67648288556429,0.47103311605470566,-2.67648288556429,-0.05951841269955159,0.5148570184755578,-2.67648288556429,0.6165674688171059,-2.67648288556429,-2.539160002010234,2.1651925292964895,3.008483705008622,0.0821628292962497,Comedy
2.969934719741868,1.375129806784245,-0.2971914484296292,-0.04221723342805439,0.21529131298814563,-0.04221723342805439,1.8638121800235579,-1.1529835632909113,-0.04221723342805439,-2.2822891163256838,-0.04221723342805439,-1.9019170574859339,2.2928416169169274,-1.4799313889963592,-0.21001221660062672,Drama
0.5213897242120829,2.3593435821647444,0.21832990353717263,-1.5907032120372995,0.752354428068569,-1.5907032120372995,-2.0569505365685243,-0.5390234327198618,-1.5907032120372995,-1.8997793901869395,-1.5907032120372995,-4.481474739574535,3.047624934832146,0.48282783986482286,-1.0847657836668037,Comedy
1.2562677544621754,1.3409810067023218,0.6532356676202458,-2.8868793668300405,0.1910185198492222,-2.8868793668300405,-1.010342646684352,-1.2219181236592416,-2.8868793668300405,,-2.8868793668300405,-1.4275922697875552,0.3312266568385248,3.2652147806846195,-0.17903736915103224,Reality
0.1823660057409049,-0.349106489586714,1.1161356048426028,-1.894097940471116,-0.21875174936151226,-1.894097940471116,0.4171464288813809,-0.8194366232828441,-1.894097940471116,-1.7416963352915655,-1.894097940471116,-0.992610965501271,-0.6160477595139239,-0.5779490559324737,0.7846043024725157,Drama
1.2717738563877634,0.2788774018649826,0.9312477862126419,-0.08135171071704539,-0.7403666708901641,-0.08135171071704539,-0.4926084948066161,-0.7358032345215264,-0.08135171071704539,0.47198635475812567,-0.08135171071704539,1.5122125958924677,-0.6321550740703086,-0.6550638938645453,0.14342052149047133,Drama
0.6692411146707802,3.2978423139825024,3.301563638679153,0.9315343289378546,-0.38487475704392116,0.9315343289378546,1.3431264377851528,0.5244675741480619,0.9315343289378546,0.6221171650341022,0.9315343289378546,1.469065478118719,0.9979416371765885,-2.890169339778422,0.39166416636228746,Comedy
-1.4048087943451422,0.6936332500154636,2.3186439037694617,-2.228904692417821,2.0021964257781972,-2.228904692417821,-0.08915401415160087,-0.5101643622763355,-2.228904692417821,-1.6867431019148023,-2.228904692417821,-1.7712956125697716,-0.22891873346425395,-0.7949440723902828,0.3689326963074937,Reality
0.40506544254216736,-0.23116298320278417,-0.1267570882223441,-1.113935663466264,-0.49337985777298365,-1.113935663466264,-1.7707275992515379,0.23342197726833144,-1.113935663466264,-1.3942204037699724,-1.113935663466264,-1.4847306858646447,0.27912056635982374,0.08286339969222513,0.6728532472959875,Comedy
0.9165738224789417,-1.3134964743644002,-1.169474289139067,1.7186313134899733,-0.7412707605655047,1.7186313134899733,-0.33643842922048567,-0.9909656146780771,1.7186313134899733,-2.603538932125529,1.7186313134899733,0.23269997662214675,0.25921611655955124,-2.8204955572418386,0.8167354347529835,Comedy
2.33982857607427,1.6189641968086252,1.8193549085685967,-0.5308866241014356,-1.7948379654158184,-0.5308866241014356,-0.11228507427815039,-0.26365683805666273,-0.5308866241014356,-1.2289248819018943,-0.5308866241014356,0.08067249767747058,0.7116101710953415,-2.1118608915860477,-1.330196092989164,Drama
0.09110211981128469,3.8375262428821344,1.1987447309095793,-0.5625595268197369,-0.3688040423041675,-0.5625595268197369,0.24525130834297554,-2.8570031867162267,-0.5625595268197369,1.9165005488331162,-0.5625595268197369,-1.9161050232356234,2.6776359042645153,1.6553098169415417,0.21095689761290773,Drama
0.6299030858049814,1.6582209800987162,1.667815769443928,0.735474840076686,1.4689601141901807,0.735474840076686,-0.15610059593995693,-1.3692376746586248,0.735474840076686,0.33805110467462485,0.735474840076686,1.1077131939356262,0.467400162784429,-1.7533940227871183,-1.3294231502027343,Comedy
1.4497585046205828,-0.6431109657385145,0.6732841578780608,0.5821701448294083,0.06283627645939283,0.5821701448294083,0.45368590251885843,0.8634175729331507,0.5821701448294083,-0.9574373333604282,0.5821701448294083,1.885524422250414,-0.9653509804602538,-2.2883700037104457,1.8149801636145717,Drama
-0.26353364620356756,-0.39512741862168343,-0.3772263678788521,0.6878334682952723,-0.0012037065343986839,0.6878334682952723,0.6894965945453907,-0.4038969737242917,0.6878334682952723,-1.4453562361838657,0.6878334682952723,-0.49694435259948067,0.37467322650371954,-1.3383831687671712,-1.2192211398408523,Comedy
3.1450235674878035,2.4504631088530293,3.0541171981119284,1.3875995549054698,2.7039695033922704,1.3875995549054698,0.45150785391274656,0.7024636447848641,1.3875995549054698,2.3012771687748357,1.3875995549054698,4.672479145932757,-0.5407683138252566,-2.621520306637447,1.107383081169563,Comedy
1.5329459712621882,1.7309011321280676,1.1612168768538487,0.07423140177866949,0.8268575814550745,0.07423140177866949,0.3306302881384967,-0.35466999284470824,0.07423140177866949,-0.24325814735438678,0.07423140177866949,0.01452714948404497,1.0351395618536,-1.2020161182535514,2.03010233598985,Comedy
-3.9444279880789646,-2.084001593091359,0.7895150754003555,,-0.7758653225948563,,1.7269454917739873,0.60458750084498,-2.6524605100842726,0.5511761981927885,-2.6524605100842726,-0.5244288782829619,-2.7779686164245705,2.393539454253814,-0.46784451217622147,Reality
-0.2011685100519498,-0.6551447477004488,-0.49328108829211026,0.5077391519128673,0.7068809204062869,0.5077391519128673,-0.544218282993411,0.6041978519833547,0.5077391519128673,-0.32820530897499534,0.5077391519128673,0.2616605642039283,-0.22854272460345548,-0.36536904445996155,1.5341767869795282,Comedy
1.373208226863314,1.1163525448635796,-0.3772608694400099,-1.4930979275970242,-0.5991803141742483,-1.4930979275970242,0.16726983745123553,0.47580694801545115,-1.4930979275970242,-1.2056727697657088,-1.4930979275970242,-2.892836864958312,1.7953922198824848,0.9581971394854454,-0.1632750755982177,Comedy
-0.3968883320013423,0.2733155927099668,-0.009494546107617685,-1.9634319158621765,2.5508760503025085,-1.9634319158621765,1.2813186186225043,2.1458200363058464,-1.9634319158621765,-3.6059763016381776,-1.9634319158621765,-4.354679900362856,1.581208455602316,-0.46338453697981524,-0.04441111151270154,Comedy
54.11422247262241,1.5764475938443068,0.4723779629587799,-0.05513729382261412,1.0362315441322947,-0.05513729382261412,1.1291305504033653,1.3214484458203748,-0.05513729382261412,-0.5233018755520482,-0.05513729382261412,-1.2862988759743206,1.5371194336296634,-0.4671754413782308,1.7648631434961526,Comedy
-1.737203223273576,1.067664078250449,1.0073253784268326,,-1.1263867842616455,,1.100295117053631,0.8605385406110391,1.2185812991404616,-2.159237754048262,1.2185812991404616,-1.2867494099621715,1.366552108656605,-2.996260545496269,-0.4962703782963538,Comedy
0.48785976718177554,0.7982092651226573,0.5039628443795732,0.9058508727335264,1.1820738976878873,0.9058508727335264,-0.2575497430644182,1.3713749688839723,0.9058508727335264,-1.1977731396080995,0.9058508727335264,-0.14193692346551182,0.9110680905256681,-2.0571459883648546,0.44411094783220567,Comedy
-0.08166833162274978,0.024222591565239853,-0.18919322596487598,-0.9081883032663995,-2.979413772428979,-0.9081883032663995,-0.19942342264792984,1.1870981802516885,-0.9081883032663995,-1.5904891108465824,-0.9081883032663995,-2.005322867748022,0.7163738872015751,-0.031196806630207154,2.331771821671935,Comedy
2.582390689694362,1.7123753969114794,1.3347214626144615,1.093855439596159,1.0274186666917469,1.093855439596159,0.6016829082126239,0.06693558632818061,1.093855439596159,0.10569022881565537,1.093855439596159,1.7254674098515834,0.6966439221616543,-2.3013713681528456,-1.1629667275612967,Comedy
1.5415841993551431,2.107086544387869,0.5866048912517714,-0.21405428717782393,-2.305063074519377,-0.21405428717782393,-0.20185352658411435,-1.7024888648723844,-0.21405428717782393,0.078005698609381,-0.21405428717782393,-1.000107080582786,1.7458346909676203,-0.07146267179363029,0.1043811996940505,Comedy
0.36541694840728894,1.2432740232861974,-0.1556498834083173,-0.5415824009478407,-0.10102142484419128,-0.5415824009478407,-0.3105364095698395,-0.10173223105646521,-0.5415824009478407,-1.7896466317787274,-0.5415824009478407,-2.881315213098138,2.074790162873151,-0.33127303905495464,-1.055212829989912,Comedy
-0.8028751552616877,-1.1475943704309597,1.9636797103426495,-1.0762887355623185,-1.1999949256653102,-1.0762887355623185,-1.8565823127278058,1.491598574025114,-1.0762887355623185,-0.820780362670836,-1.0762887355623185,1.5246741492848495,-2.3398043222424785,-1.531586660461166,-0.513666632001124,Drama
-0.6202187646532524,-1.4014801229190987,-0.7625495127816264,-2.1376258355357436,-1.0599097018128543,-2.1376258355357436,1.3928860255167836,-0.5129454350515917,-2.1376258355357436,,-2.1376258355357436,-1.8704797717085446,-0.6664932521003183,1.919762376518409,-0.559781585723045,Drama
1.9305769820298118,1.6711014592609472,-0.03912057664783242,0.005152188982539108,-0.0015553056977711031,0.005152188982539108,-0.12475884299402483,0.8201611046738735,0.005152188982539108,0.16707019459815686,0.005152188982539108,-0.7949092228745366,1.656193132110935,0.19042297571517786,0.4069999301667957,Comedy
-0.22192965462176817,-0.9962923001151155,-1.2252805877069337,-0.045534847961589686,0.6358138921418758,-0.045534847961589686,0.31944085976669884,-2.4362585878747756,-0.045534847961589686,-1.2527323617297146,-0.045534847961589686,-1.1953659037742812,0.2416681561208489,0.1357787959726323,-1.1632435952748936,Comedy
1.1016480930250678,0.8999986048776671,-0.4792721022565801,-0.5371396810082514,-0.18897066610369137,-0.5371396810082514,-0.37433138615658895,0.4933539543964984,-0.5371396810082514,-0.9591770483163496,-0.5371396810082514,-1.9859116027656785,1.5784176271676655,0.3150170887150425,0.7988435494390321,Comedy
0.28375316661028205,1.4459881801582657,-0.6101113070148914,,0.37828465686853135,,0.7884701781459783,-0.6013284037352151,-1.9661063530717826,-0.4011717750979078,-1.9661063530717826,-3.8342171595083334,2.1245346814206356,2.4734276219679856,0.2750396246498624,Drama
0.5168470109392854,-0.8089245056725187,-1.5978585410924784,-0.435947576307564,-0.0907884975158358,-0.435947576307564,0.9736354254435736,0.1689334124445378,-0.435947576307564,0.06952039136704058,-0.435947576307564,-0.8988988228802526,0.1869189856874699,1.673294961247273,0.19562009198824082,Comedy
3.1981479836726203,2.3578411968021316,-0.38471408158183057,-0.9959941285350291,-1.3365886786672536,-0.9959941285350291,1.8485103467946835,-0.007646556188112635,-0.9959941285350291,1.692104889992758,-0.9959941285350291,-1.1006684784816694,2.0103852436896634,2.4442142852062645,-0.4560635744256683,Comedy
-0.927948606371348,3.9294324867884183,0.575085138881086,-2.199413405470522,0.6842605083536509,-2.199413405470522,-0.6993240983020408,-0.5201624290166271,-2.199413405470522,0.49088537262133797,-2.199413405470522,-5.346259631662998,3.7888166920072948,3.0383263624016372,1.3398349931577846,Drama
3.647101815284161,1.3487338340491712,-0.8951458318754479,-0.04873650315364764,0.36520738569059275,-0.04873650315364764,-1.3693327076773745,-0.23474727795506417,-0.04873650315364764,0.4107199873672704,-0.04873650315364764,-0.45906639900760365,1.6929447897523087,0.808342996352049,0.5907163012733591,Reality
-0.11403600352523469,1.4168479445604987,0.13224143897906315,0.628214421960666,-0.6302251388427431,0.628214421960666,0.13667471950657611,0.3425053872247196,0.628214421960666,2.467643595759301,0.628214421960666,0.6939241032005996,0.6163460120291878,1.3506705991590358,-1.6670674899606954,Reality
1.3404749840529484,2.5781669926875077,0.8186764448707271,-0.12685293539286668,-0.7514448509165301,-0.12685293539286668,-0.5896938876838621,-0.37227805930055496,-0.12685293539286668,,-0.12685293539286668,-1.3817263489459077,2.174969409022559,-0.3348805324850285,-0.9647060308617449,Comedy
-1.645135929851056,0.5529232470553592,1.3772172656504658,-3.411883787429127,-1.7801762064725302,-3.411883787429127,-0.651317814300048,0.5540574862594693,-3.411883787429127,0.17154614345814279,-3.411883787429127,-2.456558345939481,-0.35628965929704304,2.5097246788461245,-1.6888665203014885,Reality
1.4476957165657391,0.257862808122305,1.4665025634840614,2.852395443352866,-0.06422901123437497,2.852395443352866,1.0390793029007033,0.5228347409226489,2.852395443352866,-0.19390596060153387,2.852395443352866,4.058864933393959,-0.7810680992954921,-4.445321125273697,-0.509211152790656,Comedy
0.9503123929342627,1.9260643242142335,2.106237778467642,-2.9839079135750888,-1.1552237008789834,-2.9839079135750888,0.11072910961110352,-1.1537190844117682,-2.9839079135750888,-0.8186016840422511,-2.9839079135750888,-2.240979814613049,0.7777519413951887,0.5729834246601446,-0.5858697889963393,Reality
2.3769942892425475,3.272794935597196,1.612489864695335,-0.605241681338704,0.5419900798705023,-0.605241681338704,-0.5965524120842024,-1.1874289673996612,-0.605241681338704,0.2998458446646457,-0.605241681338704,-0.9217195079628602,2.1417104740879287,-0.38935590061810954,2.296675926780203,Comedy
1.760993228308114,1.0410081375818416,-0.7143235243878564,-0.12707172327613425,2.1162985474506715,-0.12707172327613425,1.0422104900965328,4.837766013349634,-0.12707172327613425,0.21090395166922593,-0.12707172327613425,-1.000266970919073,1.4442505794063534,0.86119390619097,-0.3794998311744335,Comedy
3.1423579987567996,0.1110048132203278,-0.11925363572814796,0.8605520842737752,0.256340625807216,0.8605520842737752,1.0565027772894893,-0.05556346602660114,0.8605520842737752,-0.6372469678565689,0.8605520842737752,1.4617893699299442,0.19156079541961546,-1.7211691465593848,-0.01970671928996651,Comedy
-0.09639239012396628,-0.6145772524236228,0.18455920334751386,2.616889813487319,-0.08594243164772568,2.616889813487319,-0.9031118557855843,1.443889188071129,2.616889813487319,-1.4666478797982827,2.616889813487319,1.9066817262330227,-0.25150044680854156,-3.8035880698381654,1.2035317598871076,Comedy
-0.018393233594879876,4.338747394340604,0.20678448417108597,-0.48133362590531226,-0.6165238767186385,-0.48133362590531226,0.7300259239309352,0.2975050509344156,-0.48133362590531226,0.9153049546640867,-0.48133362590531226,-4.1191284897009774,4.305974170562504,1.9736503724839056,-0.5693081102175439,Drama
-1.1247698970357376,1.0784180138873094,1.3196830311504204,0.6645229444896192,0.2600639528088853,0.6645229444896192,-0.6178531107931037,-0.38295287327033295,0.6645229444896192,-0.18584397257207597,0.6645229444896192,0.1504247085191401,0.4031141979626627,-1.522977651311102,-0.022010064118993495,Comedy
0.10817687784642804,0.7191522367650619,0.8496702571458796,1.0213247343218996,-1.1329918334398918,1.0213247343218996,0.6279480866163222,-0.6196492181315378,1.0213247343218996,-0.8593652481255943,1.0213247343218996,0.4410186325088896,0.4881426795419176,-2.2075589009444023,-0.20021556282343209,Comedy
1.4992552110335695,2.7201080723807216,0.39823153715589443,1.8989610120989486,0.2593800304314392,1.8989610120989486,1.3179261231168116,-1.9562946402000359,1.8989610120989486,1.3934883342713753,1.8989610120989486,0.6548468225394468,2.1264375055124827,-0.8341347287742641,1.387355864336396,Comedy
1.4852423715213512,0.7926921988290536,-0.6930734089587903,-1.863967377615494,-0.03116906980396615,-1.863967377615494,1.2166423590665867,-0.01186800855648202,-1.863967377615494,0.15177432088547693,-1.863967377615494,-2.250314541918742,1.174791216109281,2.441415011782265,-0.6364501757442653,Reality
-0.42302713749497034,-0.11201104275648742,0.17139774185466816,1.04842464796959,-1.2301478665767644,1.04842464796959,-0.20005270937107147,-0.7282858959796853,1.04842464796959,-1.226373307634609,1.04842464796959,0.13736085654106706,0.2324363831543934,-1.9482165864951881,-1.5697525407187336,Comedy
-1.7561496682521318,0.25076643226771883,-0.08995826652070438,0.952827610339195,0.5235556011386471,0.952827610339195,0.6523301892913095,0.28907747036212117,0.952827610339195,-2.8398125116750563,0.952827610339195,-2.245775701436833,1.4933654227519608,-2.3732385372100255,0.6435780508658445,Comedy
-1.3236885639069447,-1.230345497453928,-0.8986691223305547,-0.3743852206246328,0.9668542176793665,-0.3743852206246328,1.0699037315381823,-0.9788017466517357,-0.3743852206246328,-2.795698605914127,-0.3743852206246328,-2.3666153106362495,0.3750932110688076,-0.7686456112228158,0.28974304635194653,Comedy
-1.776233202843359,1.0167381937068258,0.8839194390795697,-0.3481533766171933,-0.03683645651325219,-0.3481533766171933,-0.4460263444415784,0.04700140542878878,-0.3481533766171933,-1.6190025398950976,-0.3481533766171933,-2.2660997635017566,1.1913325989627976,-1.0248303899163698,0.6712795686460806,Reality
-1.2280021163265993,0.5792099578849516,0.019765803337080334,,-0.6829167562302889,,0.015606847429115726,-0.5178052509816158,-3.3155368986844183,-1.3819198645334578,-3.3155368986844183,-4.651693274893172,1.1638264037865356,2.5599232849631934,-0.8397632194542898,Reality
1.916966206534864,0.4203805454472848,0.9351505384301215,1.8644599761579628,0.15441793217618377,1.8644599761579628,0.6925723641629766,1.0698494392334932,1.8644599761579628,-0.9762339906383403,1.8644599761579628,2.2598814740576687,0.004588871076920409,-3.5926244301254036,0.9444797314876436,Comedy
-0.9840941708280542,-2.4816272484471367,-2.2464949175260243,-0.8211299953073227,-0.9543044634512949,-0.8211299953073227,-0.7518111813016569,-0.490510095809647,-0.8211299953073227,-2.8490249596273127,-0.8211299953073227,-2.7080777406595775,-0.048214500246245184,0.5179230339658227,0.8528715157504282,Comedy
-0.2761709412561959,2.9330969108741947,0.5069394982054836,-2.0584343026298972,0.10117024695293998,-2.0584343026298972,-1.50646450522258,0.6949000817643155,-2.0584343026298972,1.7403878795741754,-2.0584343026298972,-3.1584238900026573,2.2501124328227915,3.455447454020822,-1.1485234336348895,Drama
-0.18027934679927782,-1.344811913614782,1.0750823881302383,-1.7054185111314366,0.0007237668122421595,-1.7054185111314366,-2.78016146174135,-0.9845864285553124,-1.7054185111314366,-1.7476300032253242,-1.7054185111314366,-0.014882346800148756,-1.650097884923332,-0.9000326228908239,-0.4184091728873028,Drama
-0.8876668650130093,0.7038991867358486,0.07020518046956326,-1.2991876349119205,1.1263730008723591,-1.2991876349119205,-0.006021931803521101,0.6693527436117546,-1.2991876349119205,,-1.2991876349119205,-1.2479563181649138,0.3197707327634954,2.4124149732215594,0.5509220539928951,Reality
0.4929448060064487,-0.25813752750337976,1.6387907920525262,-1.7862942949295046,-0.7807823106716335,-1.7862942949295046,0.9618140834256669,1.2055200224763611,-1.7862942949295046,-1.9170810851269744,-1.7862942949295046,-0.42346862858287593,-0.8538484708363886,-1.3329160468587635,-0.15829386720714442,Drama
1.0746297755005407,-1.9871304964642496,-2.693662670119572,-2.412016167378359,0.27615817647359164,-2.412016167378359,-0.05586500425694349,0.4456543204612419,-2.412016167378359,-2.1692686845247127,-2.412016167378359,-3.568473016009781,0.39294253674389645,2.645917227083329,0.6410009174296656,Comedy
-1.0811574602969931,-1.4955891099974834,-0.5752810921266589,-0.07697660943819185,-0.6604893671525061,-0.07697660943819185,1.4206551327736388,-1.3217188682808239,-0.07697660943819185,-0.9368143564996654,-0.07697660943819185,-0.20160198299642837,-0.8190186528439665,-0.1905937203851408,-0.5918606957779519,Comedy
91.31126255959269,-0.0084982154122457,0.06124421938402336,1.3515420971966972,0.683939447113138,1.3515420971966972,-0.24781718382489842,-1.1759631900958205,1.3515420971966972,-1.211583938752049,1.3515420971966972,0.7725758894488224,0.3174340811141199,-2.3535175108679245,-0.2752682593075201,Comedy
-0.3206734222240961,0.08077527480145842,-0.002371078667412263,0.06671446352033983,-0.5594722228294063,0.06671446352033983,0.62844955497274,-1.7708118924363703,0.06671446352033983,-1.4902340624523465,0.06671446352033983,-1.144401673427319,0.6413017439532238,-1.004777927165356,3.5755974449297345,Comedy
-0.11783405823922943,0.9168966334870615,1.7501125765375454,1.2237139278773188,-0.004613757758911866,1.2237139278773188,0.1320443654756642,0.16106369614339086,1.2237139278773188,0.22709863527495067,1.2237139278773188,1.9410255253314983,-0.30321924437622694,-2.411505932582543,1.2943939015779573,Comedy
-1.1810796616536952,0.9253790509221359,-0.1536385959454014,0.39602906676467753,0.000694654347400494,0.39602906676467753,-0.5757312787596648,-1.5743839030632112,0.39602906676467753,-0.6938614969960152,0.39602906676467753,-1.8073641433234455,1.474541953341935,-0.25046797103951224,0.24467724475954994,Reality
0.9814259772437846,-0.22488235442842688,-1.871642808861695,-0.767866769617584,-0.6323163820332145,-0.767866769617584,0.9981021027945641,0.5555928242134724,-0.767866769617584,,-0.767866769617584,-2.061347865295549,1.1022116077070079,2.0756006919034284,-0.7055103384748155,Reality
1.4770011211787948,0.8791773016186323,2.3635080004696745,-2.5682533456494823,-0.23569558211161143,-2.5682533456494823,-1.0739410019066207,0.5242987632500495,-2.5682533456494823,-3.099833142732596,-2.5682533456494823,-1.7802806558318527,0.20415128928037607,-1.9969984847495368,0.5985801585038586,Drama
0.4624910414393986,-1.014277078163131,-0.8497424278859077,-1.8011322039617441,-0.23320847768366204,-1.8011322039617441,-0.3484470752578117,-1.283233839904453,-1.8011322039617441,-0.797670403975353,-1.8011322039617441,-1.5562631440853107,-0.2870970999675455,1.6245006743798889,0.15284250854070108,Comedy
0.042339252431184526,-0.4129888585395253,0.05100245476506504,2.071814909394456,-2.121469663773919,2.071814909394456,-0.0566472550622458,-0.150024047189139,2.071814909394456,-1.3348187401405092,2.071814909394456,1.2743547952186818,0.0019715214657805014,-3.0454115625485754,-0.018833592159842014,Comedy
1.8269772582764594,0.003574615697296785,-1.1250608902978876,-1.6440710318403113,0.5716730098440395,-1.6440710318403113,-1.0315783595175716,-1.621505617978955,-1.6440710318403113,-0.9350336488108522,-1.6440710318403113,-2.252461362130468,0.9737177281269856,1.6313841319788311,0.005702802766220278,Comedy
1.643742572386071,2.6977605524125514,1.077686630966584,-1.3734563794996097,-2.0044277058496167,-1.3734563794996097,0.43718971793106853,-1.0448957290538525,-1.3734563794996097,0.0176050710029233,-1.3734563794996097,-2.006315827830957,2.040693388012822,0.6505234056800083,-0.8393799112587929,Comedy
4.081154199338873,2.3625906164654564,-1.0494608980553606,2.0944073004699844,-1.2372231359015298,2.0944073004699844,1.3501065478798628,-2.0072045746507565,2.0944073004699844,,2.0944073004699844,3.440208360680329,1.1549155702882412,2.5334628924976794,-1.1300368226926614,Reality
2.30606166008966,-0.44647837609489077,-1.9739888729348052,-3.3764417235292434,2.630302066442023,-3.3764417235292434,-1.2105349231700016,0.6220595603237363,-3.3764417235292434,-2.2005691017077376,-3.3764417235292434,-4.639052511684256,1.4719395020390322,3.004914486583081,0.21244747677269918,Comedy
1.606098588789578,0.5188982063323007,0.15553632121134264,-1.0032030634217572,-0.7577607786247293,-1.0032030634217572,-1.2571215992358369,-0.955913166978935,-1.0032030634217572,1.0391518756485933,-1.0032030634217572,0.23716184551438155,-0.0479046803080454,1.3401165992859163,-0.34243529518117155,Drama
1.2898893456277718,0.41654425700948144,-0.39763508577336415,-0.040171424917085585,-0.3164988530939679,-0.040171424917085585,1.0366448184064572,-1.0421250369384087,-0.040171424917085585,1.149920726168353,-0.040171424917085585,0.4468151358659668,0.23692718375533528,1.0607317083196672,-1.4241525144709573,Comedy
0.2617234329531867,3.179443711032189,1.4001010690278823,-0.04903679185933674,-0.12449827111593846,-0.04903679185933674,0.7181733982298508,-0.16133842849526697,-0.04903679185933674,1.4064039864513418,-0.04903679185933674,-0.8623521346937774,1.9799946514331705,0.42948059559860746,1.283617979807149,Drama
-1.585306931027681,-0.5374725982680678,-0.6521863164389364,0.7243454030143819,1.270198374095622,0.7243454030143819,-0.057941204205456634,-0.08759287897994592,0.7243454030143819,-2.3292626944653487,0.7243454030143819,-1.784975386855742,0.833094104862083,-1.5017218867709516,-1.3150068610686911,Comedy
0.40659490397784065,-1.5577286094477003,-1.6779838358593568,-1.030883607927674,0.1621251502228034,-1.030883607927674,1.2358170071856782,-0.24873699148323483,-1.030883607927674,-0.6923009469943581,-1.030883607927674,-1.2109934622873357,-0.3119778938225144,1.6249601443752555,0.6692028260434556,Comedy
-0.19435203576392734,0.7925968922492258,0.2055006725477082,1.384670159133689,0.021689721027314184,1.384670159133689,0.4426947481331852,-0.2831961011204951,1.384670159133689,0.2739771801274278,1.384670159133689,0.5656696451568053,0.6635260068073567,-1.086481656164204,1.2502994536840597,Comedy
-0.0839179897530351,1.3340696795246962,-0.10794666197506297,0.5749313440868906,0.3844812890050665,0.5749313440868906,-0.5178809152382079,2.6443868972632236,0.5749313440868906,1.0915204834241705,0.5749313440868906,-0.39013179881525023,1.178694834474416,0.6551641373241891,0.26985986574203563,Reality
-150.1252882366319,-0.13903219125582872,1.9447498789117428,2.6152011200614282,0.4940303466106014,2.6152011200614282,-0.6262058639118974,-0.38264916325858656,2.6152011200614282,0.06034694921740025,2.6152011200614282,3.6064565685827574,-1.4185955340934495,-4.027863836920777,0.8053826386662379,Comedy
-0.14568655127477181,-1.8900226550309471,-1.7736584401272824,-1.5025801132837944,-1.254936564096708,-1.5025801132837944,0.8425301377814906,-0.5543752380822036,-1.5025801132837944,-0.7572284679501899,-1.5025801132837944,-1.6301652280689753,-0.5485176271521253,2.142661044197414,-0.825402219329642,Comedy
-0.19998607691722425,1.8822499366295264,2.3169881151771348,0.9447754063111732,0.5965858731788376,0.9447754063111732,-0.42855781107671775,-1.0455274644149515,0.9447754063111732,-0.3328260276316579,0.9447754063111732,0.9087777837994873,0.5522962832853295,-2.8125419163255736,0.16891259662459607,Comedy
-1.1846882059695019,-0.17315838993511073,-0.17356819650321498,-3.4858024887283783,-1.1788342361233208,-3.4858024887283783,0.7953784934432643,-0.31263644832776527,-3.4858024887283783,1.919248272633056,-3.4858024887283783,-2.0485794272108664,-0.6925558558031026,4.981012246234734,0.9352239557152712,Reality
1.4448732496804353,-1.1112330426075283,-2.003411850532657,-2.6034710052577408,-0.730363774333366,-2.6034710052577408,-1.011959973785137,-0.6647928525952216,-2.6034710052577408,-1.849238984457137,-2.6034710052577408,-3.5324666215478207,0.7165485686123456,2.5411559561974517,1.7468544332623164,Comedy
-2.6999459716898047,-3.3258738109288197,-2.2857623510147524,2.8520555072873037,-2.2662780822159188,2.8520555072873037,-0.5641593616916785,0.8792131429654207,2.8520555072873037,-4.773566453734836,2.8520555072873037,-1.001843723713708,-0.08646570183033164,-4.137074783229338,-1.1894363454891774,Drama
3.074848027061617,1.3423976260512733,1.364505977597839,1.0517270394436722,-0.00023457680947858633,1.0517270394436722,0.16353865172474502,0.8605058450997429,1.0517270394436722,1.055253945485522,1.0517270394436722,2.949952576247171,-0.10648804945782975,-1.8229919717503287,1.6420760586367855,Comedy
2.86042873523541,2.560661860562978,1.493064035700356,0.6062770958719612,0.08441235335167126,0.6062770958719612,-0.18819440343395097,0.9650596523326502,0.6062770958719612,0.05236036303710068,0.6062770958719612,0.7131942369662289,1.5073918459356919,-1.8675377034000686,-0.5493135174700707,Comedy
-0.3281088705122608,1.220966500301862,1.759320066349134,1.0343624418635262,0.005923233953723586,1.0343624418635262,-1.5093573280833563,-0.07078372599570543,1.0343624418635262,0.34462929473858983,1.0343624418635262,1.46310161711764,-0.0017320409220009658,-2.043363028291346,-0.43023137465941,Comedy
-0.20010827732511327,-2.484226996620008,0.7956884704265393,0.026811892072433507,-0.7259160194141804,0.026811892072433507,-0.2641751381361973,-0.14504550783849962,0.026811892072433507,-1.0462676588036848,0.026811892072433507,2.691800739802724,-2.9263289393510936,-2.077598418176338,-1.8044324898036859,Drama
0.43055981686435424,2.8384610266133867,1.002655492003718,-1.314846620992981,-0.9656977634952636,-1.314846620992981,-0.5571431182664555,-0.132286512680929,-1.314846620992981,-0.8091001243995656,-1.314846620992981,-3.2758754549230322,2.638602476053614,0.36579535393995066,-0.6940496083665284,Comedy
2.093128552995564,1.7777618584972794,2.2747568702216068,1.8259105475736597,-2.1763680341489144,1.8259105475736597,-1.9202698441344577,-0.5663469940597115,1.8259105475736597,0.36050814598767866,1.8259105475736597,3.164914104091395,0.0515755173912158,-3.6003238690820494,-0.4238521219307208,Comedy
-0.24985472441271828,0.4762918806211669,0.45604401038902576,1.158933270157338,1.3243086873982528,1.158933270157338,-0.27032043619146573,-0.42359764407571165,1.158933270157338,-1.586555173124981,1.158933270157338,-0.24498552766349144,0.7901074787967767,-2.4575394993752675,-1.6310534750172168,Comedy
-77.21955761661643,-2.436600148558274,-0.17682855460063562,-1.8778846758897378,-1.3155958530846215,-1.8778846758897378,-0.5419825786312817,0.24935625085919322,-1.8778846758897378,0.6802132834285735,-1.8778846758897378,0.971261496643908,-2.760516039074099,1.9620135694860263,1.309307367799498,Drama
0.9165401903748185,2.001890335992476,1.5659715588660093,-0.22112055813081377,-0.41491558844923526,-0.22112055813081377,-1.7866532304970688,0.7623706619496033,-0.22112055813081377,0.907230357714448,-0.22112055813081377,0.3863314662526698,0.6834425328100667,-0.3265982167323847,1.0533509718128733,Drama
-0.9907428817401407,2.049429465614449,0.7227555023887636,-0.7613609582372229,-0.34503012565916485,-0.7613609582372229,-0.37089363404104664,-1.1425596339942274,-0.7613609582372229,-2.0167800763408468,-0.7613609582372229,-3.7399083694133637,2.516673062983987,-0.6482781018554471,-0.7452000967943564,Comedy
0.0020972136726093993,1.6296222758078107,2.9583848916747737,,2.1701857393197717,,0.7477111704301007,0.8859346767638636,0.5198605272392627,1.3562555914154224,0.5198605272392627,2.698516844777319,-0.8036286738509515,-1.9553462296824853,-0.8899284310831719,Drama
1.95298715895465,0.7278515574830383,-0.9917012248478574,-1.7563064808406108,-0.963063070434764,-1.7563064808406108,0.11442262899411978,-0.19625851539329897,-1.7563064808406108,-0.657112636822833,-1.7563064808406108,-2.7211115804910935,1.56658827100373,1.9588196901051564,0.3458983369222949,Comedy
1.2280928635305006,-1.1006504770227545,-1.9674087887835217,-1.1546172270232398,-0.26099872613253844,-1.1546172270232398,-1.7569699942061747,-0.8629768274678831,-1.1546172270232398,-0.9281989013664983,-1.1546172270232398,-1.8684007604195114,0.41542116487514275,1.809315674492595,-0.23943020914531934,Comedy
3.689371581353889,0.4760823139154605,-1.7028932934101442,-3.7739902285998372,-0.7794675931669739,-3.7739902285998372,0.45220087769276246,-0.5534323363030768,-3.7739902285998372,-0.4988647831859066,-3.7739902285998372,-3.8993191177005624,1.5788323708289675,4.259725905047706,1.3750244353392564,Comedy
-0.4701927897830438,0.48334114826911456,1.0215129793273523,1.3246481416819451,0.5996824266498455,1.3246481416819451,0.07526594236889154,0.07048079415615464,1.3246481416819451,-0.12993883216663626,1.3246481416819451,1.3146116794057927,-0.10136916860948386,-2.1034163781393107,-0.605221343482666,Comedy
-0.606290198929623,0.5792856556933818,-1.5338561288246815,2.212117785087676,-0.3192866983296754,2.212117785087676,-0.8569321796300193,1.0790268927755668,2.212117785087676,0.08389073015962423,2.212117785087676,-0.7034263546641623,1.7915893505126022,-0.3306972682570084,-0.07230390870973481,Reality
-1.6456864063988703,-1.117127201922861,-0.24109310386939575,,0.24637508519525808,,-1.075207997720942,1.1832747818185312,1.148906768369938,2.7872417005419114,1.148906768369938,2.8685770054130697,-1.8899282893182685,1.09464487145782,-3.038083647196242,Reality
-156.32503442954336,-2.2985663398287643,-1.4701116751828458,1.0905724243137873,-0.3410792553259292,1.0905724243137873,0.806663509892435,0.06710807535892781,1.0905724243137873,-1.1699148656832732,1.0905724243137873,0.2442778210380326,-0.923411587313739,-0.7197456634725439,-0.786941973159434,Comedy
-0.9297811566647189,1.6844525627938238,1.3633303003855644,-0.43471969730160903,-0.034062795821387826,-0.43471969730160903,0.17427316408689575,0.07774409502313825,-0.43471969730160903,-2.2946977152153467,-0.43471969730160903,-2.577433761170947,1.7505370556231148,-1.8584852986176261,0.6477340099893091,Reality
0.5775056754237303,0.5756533273911343,-0.12177401526900222,1.1850637782278792,2.4785725816162363,1.1850637782278792,-0.4795017937562621,-1.447156704573906,1.1850637782278792,0.3402652080599,1.1850637782278792,0.6866813306933232,0.5720665725035635,-0.7442996705957007,0.8493634804015655,Reality
0.06131440116266684,1.166811238904419,1.0192607721410392,0.7892356289333899,0.39481392514429026,0.7892356289333899,-0.5271229712728615,0.7728368887205269,0.7892356289333899,-0.9629766578256673,0.7892356289333899,-0.12002405490189247,0.8964767272602064,-2.098597781419244,-0.19800560189226044,Comedy
1.913976209950796,0.7088407314082611,0.7930903903939849,-1.3229837280715542,-1.1763477517316336,-1.3229837280715542,-1.5049462357150325,0.5793685561424373,-1.3229837280715542,-2.224531363485929,-1.3229837280715542,-1.5102780947041452,0.8208830920358143,-1.217696395390649,0.45243503626238935,Drama
-0.5007023051873074,-0.9917725749561815,-0.9830429850904681,0.28728439479479095,1.4708643788515192,0.28728439479479095,-0.7388278135698105,-0.6177340926389823,0.28728439479479095,-0.6787354826800239,0.28728439479479095,-0.439291419846799,-0.10266282272115812,0.04032130573173074,-1.2472022806393452,Comedy
-0.5616769206811867,-0.6727968807403221,0.5634075356757383,2.5185425239451797,-0.8202110079449875,2.5185425239451797,-0.3726561930876411,-0.14414271582371438,2.5185425239451797,-1.6692215588931876,2.5185425239451797,1.9455263988360194,-0.4811334633577715,-4.132904074906702,0.37210352561872245,Comedy
-0.3224362804078454,2.114090333433262,2.0329417470833224,-0.38157010820972476,0.573027153749452,-0.38157010820972476,0.21262719322734344,0.15098811523393177,-0.38157010820972476,-1.4059133549827947,-0.38157010820972476,-1.42736965358024,1.381490684991427,-1.941277445043146,0.7923932025960634,Reality
1.912210677770538,2.3142958996556593,1.3001006202045176,-0.5446092593414322,0.47914280770552947,-0.5446092593414322,0.7847820667759331,0.3276338148904723,-0.5446092593414322,0.48352682080839515,-0.5446092593414322,-0.29385647965962575,1.28379691233048,-0.17361029592034657,-0.5711848833334201,Comedy
2.653410167047964,1.3646857690181744,0.7763252578729506,,0.8362262255115807,,-0.5966103287197481,0.052560928905958516,-0.28902346174161053,-1.4950535639668017,-0.28902346174161053,-0.5902424515999948,1.253860544916922,-1.661290632334359,2.1791712586422483,Drama
1.267441231796309,0.29772480577226257,-0.8185333833900701,-0.2365240411801155,-2.686597855303507,-0.2365240411801155,-0.8046124784712981,-0.7650516129795408,-0.2365240411801155,-0.7453430910581635,-0.2365240411801155,-1.2621943353889853,1.0744494920454246,0.3160301558285785,0.20380119490733897,Drama
0.8127101713579361,0.3139023557203306,-1.6177747797412523,,0.2362975638612184,,2.4686951623414535,-0.14347120649352188,-1.9556056845610217,,-1.9556056845610217,-2.5600850161273874,1.0699932973782493,3.9926753132610138,0.2875349901867632,Reality
0.525894262873444,1.4612971723055461,1.8193603748122393,1.0052313343962396,-0.0017794254728261889,1.0052313343962396,1.5522134221694122,0.5525209910586135,1.0052313343962396,-0.1620333344412641,1.0052313343962396,1.3151468152173336,0.329089493495999,-2.526075237871186,-0.9714208158876237,Comedy
0.3342864583303271,0.26599874964009385,-0.6973712274802785,-0.35432084026986754,0.05656573373847997,-0.35432084026986754,0.30699409043663084,-1.02692638055468,-0.35432084026986754,,-0.35432084026986754,0.5797807628538556,-0.17156687689208716,2.8286065419668,0.37396605012024836,Reality
-1.7987783576742187,0.6782933898486674,0.18922767739546476,0.05716811372675967,-1.1913463845915155,0.05716811372675967,-0.5013839518651247,-0.7126689200063213,0.05716811372675967,-1.3260858013582983,0.05716811372675967,-2.1456146679463917,1.2227126346345345,-0.6305621214829114,0.13781133043783245,Reality
0.2862766327201083,1.7989825557352215,0.32918121260445155,-0.03829295687010614,0.12905689531086548,-0.03829295687010614,-1.0631184436053602,0.22628576496406833,-0.03829295687010614,-0.7541195291933815,-0.03829295687010614,-1.9226224813486306,1.9872896406669471,-0.4020393938341186,-0.42192519470124457,Reality
-113.95208937463892,-0.8819651348877898,0.2171639252407508,2.483800068082541,-0.9517501365862596,2.483800068082541,0.5928038552645825,1.3472358027202056,2.483800068082541,-1.9529701279021328,2.483800068082541,1.3244814999347114,-0.3167274005090075,-3.9081139509318166,-1.2210932988724947,Comedy
1.9808790439969928,0.03580259920863803,-0.3328679489050623,-2.24506909887194,-1.3888569250991238,-2.24506909887194,0.1943412579320412,0.9856506091661195,-2.24506909887194,0.8164803527844221,-2.24506909887194,-0.7223467869985608,-0.1972819829756357,2.636181748683393,1.1083604641948759,Drama
2.827742400259292,0.4993927502180997,-0.7322386695564367,-4.499928074887276,1.2154917799594407,-4.499928074887276,-1.1033929004057113,-0.5157846605269131,-4.499928074887276,-1.4104117892931685,-4.499928074887276,-4.456093077248581,1.2856481903705579,3.575158391404878,0.7201944589195566,Comedy
2.7059168266880134,1.8471306701164196,2.1114904696834107,1.2825676115160811,-0.0004800461771368092,1.2825676115160811,1.0973845750390068,0.9535973733026083,1.2825676115160811,0.7870182701533535,1.2825676115160811,3.0483922858331325,0.039081164006843694,-2.73714144534925,-1.3510066545075916,Comedy
1.7752675884969777,0.7928799808061474,1.3732735269762602,1.9736890123102069,1.6941057666348078,1.9736890123102069,-0.05563596333578558,-0.3277866937293043,1.9736890123102069,,1.9736890123102069,3.0408616641857273,-0.26167846891570057,-3.2584829666604724,2.671675372359032,Comedy
0.6773708633402908,-0.28317163150314295,-1.1718897685560201,0.12447243052056578,0.5220913249605783,0.12447243052056578,-0.363848091281494,-0.48213321891414285,0.12447243052056578,-0.1135089859339159,0.12447243052056578,-0.6038158056603588,0.518723259429303,0.7117282505411171,-0.9627292215049017,Comedy
-0.6096407943708377,-0.8220447083131038,-0.41790652466308353,1.3370149686645791,-0.959993432479162,1.3370149686645791,0.5649010390453627,0.5313451792605516,1.3370149686645791,-1.1752259268686485,1.3370149686645791,0.4345422822737231,-0.12497056510934368,-1.76996321903667,1.6306590262094318,Reality
0.7796336217958284,2.0786976148138585,1.4685019886795614,,-1.0460420349368582,,0.2591558132047141,-2.5158306235445926,0.08753337135703543,-0.38528076221287955,0.08753337135703543,-0.4516973445834683,1.307824068202645,-1.3714996177744332,-0.5977759131300299,Comedy
-0.19408159206719433,0.4908851189633582,-0.6128951908269948,-0.5439384009603854,0.26233757333550967,-0.5439384009603854,-0.07861974828134619,-0.06979667507817483,-0.5439384009603854,-1.9858513939411038,-0.5439384009603854,-2.960281087648974,1.6886151170925516,-0.11054470734470039,2.404854894707765,Drama
-0.6456413066398701,3.4654151947680454,2.4629076343685967,-0.6951388107621573,0.3688117714676193,-0.6951388107621573,-0.5621348832053032,-0.07776170697671311,-0.6951388107621573,2.1734628563510556,-0.6951388107621573,-0.47005222664622054,1.32453788684333,0.8111998813002567,2.1233834782814847,Drama
1.3330028762599406,0.3198371717891135,0.642882581368412,-2.159388732573773,0.0008351262952073472,-2.159388732573773,-0.25068632478744096,1.3244585304073495,-2.159388732573773,-2.750288096119474,-2.159388732573773,-2.525770004447655,0.7205025593304131,-0.6277133411872597,-0.9406292459400325,Drama
-1.8786350672318235,-2.0091380058597768,-1.679206078478272,2.2488990766167634,-0.1679418988428184,2.2488990766167634,0.6254002147208524,1.357375503803221,2.2488990766167634,-1.1316631522697138,2.2488990766167634,0.5137386665444889,-0.42642825083390745,-1.462891519191193,-2.5800130623486424,Comedy
0.921864432530672,0.04056248749821826,1.2745176744542301,2.318505681498176,-0.7294613876622467,2.318505681498176,0.06420173696345471,-1.1057048071536661,2.318505681498176,-0.5309062978150734,2.318505681498176,3.205127676769438,-0.7288537252253584,-3.941152117778863,-2.2049905020267424,Comedy
-0.17962763123956638,2.552218367603851,1.9278245290692912,2.695120092726481,1.4283663195954184,2.695120092726481,2.0308012446054233,-0.6561987642285206,2.695120092726481,-1.082898182244269,2.695120092726481,0.7005782226089542,1.8564759135875584,-4.460164538700029,-1.814298357557623,Drama
3.0565396389696247,0.853989003739708,-0.2074265350439859,1.5079565034592817,0.30397696896483933,1.5079565034592817,-1.3968908141675342,1.103229997673093,1.5079565034592817,0.5039810365638804,1.5079565034592817,1.7994813208949805,0.6882521895578331,-1.2659379148272947,0.3988569082396954,Drama
1.7025956241969742,-1.0087324860398539,-1.8269408023081777,-1.2290022647454597,1.0178795608105367,-1.2290022647454597,-0.08557919727488048,0.04188914882952711,-1.2290022647454597,-0.02712446626666487,-1.2290022647454597,-1.0756890367571759,0.059712630329028626,2.2985162422602414,-0.6361729545462732,Comedy
2.088745342881649,0.1712931662940821,-1.342207778341272,-2.6322508220950995,-0.6014012863647967,-2.6322508220950995,-0.15856125567299895,0.9719677602554447,-2.6322508220950995,-1.4552992962829867,-2.6322508220950995,-3.6515732389063,1.4634433480322357,2.4085999888162473,1.949668331962719,Comedy
2.8263131321562343,1.156927049384529,-0.8585048235199538,-1.346234143552742,-0.032049760505097065,-1.346234143552742,0.5126356638439806,-0.007009987652368925,-1.346234143552742,0.4285873706192904,-1.346234143552742,-1.6055872442003412,1.4972947107550532,2.1287930975988854,-1.6128854640018546,Comedy
0.2233627085508827,1.4870622987243993,-0.29754120829885633,,2.858235350635207,,1.2064109168659634,-0.9701561960105931,-1.189673306673297,0.5661074767148131,-1.189673306673297,-2.338803225468185,1.6200424335839712,2.127731795662392,-0.3856821015817728,Reality
100.84732062818722,2.373500884132283,1.9720041882766084,-0.506747024458472,-0.5689548060260254,-0.506747024458472,0.26762952951580055,1.140183688562366,-0.506747024458472,0.483775839355433,-0.506747024458472,-0.03137041766098689,0.9383451515300909,-0.656330872808376,0.47615101103196517,Comedy
2.18297673289004,1.8277383227955533,-0.7197887254624344,-2.1600483859477033,0.2064188015149861,-2.1600483859477033,-0.6244209115091053,-0.17695466995933296,-2.1600483859477033,2.6859090147195612,-2.1600483859477033,-1.6378417032044381,1.3837770004819954,4.61470029683087,1.1275599548321715,Drama
1.4915981735963004,1.5169397833202918,1.2415499424763201,-1.4914018638232789,1.5739319979743438,-1.4914018638232789,-0.5479152165718989,0.2388491435085304,-1.4914018638232789,,-1.4914018638232789,-2.3697538745234583,1.5074895901537444,-1.3705119268191286,-1.3371116582890743,Drama
-2.171367879293096,-0.9224470201617397,1.0060125260895894,-1.8865966879912122,0.6305076737613742,-1.8865966879912122,-1.1078443852590947,-0.09441875120936197,-1.8865966879912122,-0.7891347681159986,-1.8865966879912122,-0.9639032172058629,-1.3144813584059627,0.48588380805442094,-1.880838544346162,Reality
142.10870876187823,1.5560752591013036,0.4720820433457107,-0.0391417480440428,0.0022521030951991594,-0.0391417480440428,1.4818413983480165,-0.8687705073837833,-0.0391417480440428,-0.8489757530553738,-0.0391417480440428,-1.060577600721993,1.5589537423696478,-0.8809114623196039,-1.0812476941895852,Comedy
-1.6787110984004505,-0.39902449832471804,-1.2216679385045441,,-0.5540178803402677,,-0.5362835057220379,1.474655501791959,1.1744461590850743,-3.5427333402687946,1.1744461590850743,-3.002472397570794,1.8358168560421213,-2.1729260519100175,0.3531351285744894,Comedy
0.7601074444762645,0.9573385379246215,0.2802854561174485,0.6004263259976728,0.0016861192183843493,0.6004263259976728,-0.1027169991194539,-0.01492342601196482,0.6004263259976728,,0.6004263259976728,-0.3622954836180657,1.0594600375210756,-1.2511584421697035,0.4092993779255154,Comedy
-1.0850467865026552,-1.433330138784658,-0.6602561228120121,1.493000160988389,0.11137767003972733,1.493000160988389,0.7496807489666638,0.26069364569457104,1.493000160988389,-0.35447791968070613,1.493000160988389,1.2547916950401563,-0.8724846920468721,-1.184263285759786,-0.1561997419363911,Comedy
-1.7488972207684237,-2.9882169809222225,-2.459003561411964,-0.4013133004920592,-0.892307142770562,-0.4013133004920592,1.0948881860903312,0.6877110472329476,-0.4013133004920592,-1.8234045375625474,-0.4013133004920592,-1.7581687135077826,-0.7470643820239948,1.0476211078501028,-0.5800100820151507,Comedy
-1.0583840935277216,-1.0451513168263558,-0.25078526329954154,,0.7896877652336957,,1.1159792775827704,-0.7465915578774794,-1.1161233124675194,-3.1228713230554597,-1.1161233124675194,-2.552048746160178,0.196531825704499,-0.9075829842997667,0.014791041927037066,Comedy
0.2104949510764691,-0.5967941742757726,1.626976139012003,-1.0978271370291282,0.6340828832013963,-1.0978271370291282,-0.10625309514442204,0.596478279292073,-1.0978271370291282,-0.9890432112363843,-1.0978271370291282,0.9313482049583218,-1.5128863201810767,-1.366687623927843,0.5288832439943889,Drama
-1.2512513322897794,-0.31727043978040803,-1.4284295267130747,0.15317747013784877,0.6401065044022171,0.15317747013784877,1.4848631160554577,-1.8216818494396603,0.15317747013784877,-2.9392828464956757,0.15317747013784877,-3.524625676642723,1.8145070529065985,-0.6540990554111463,-0.607124897796253,Comedy
-0.33611862243312784,0.2234319541668085,-1.3877336173263248,-0.33613413342187637,0.44243323265518,-0.33613413342187637,0.6787935757425131,-1.2815389223899936,-0.33613413342187637,-3.527533781190093,-0.33613413342187637,-4.394538329181471,2.507858217942738,-0.6747012601051928,-0.8473879239262883,Comedy
-1.6411568217629424,0.15215641092790547,0.13803379342316602,-0.5635801961438989,-0.18611720260676576,-0.5635801961438989,0.15957718871900162,1.8561439990861202,-0.5635801961438989,2.664084401821495,-0.5635801961438989,0.5133157375807472,-0.7441540484832545,2.592227737443626,-0.6251807306206972,Reality
1.9371450609440386,2.229839775315362,1.324108738342439,-0.29481487433777964,0.00010634211562491831,-0.29481487433777964,1.5094326115963879,2.4475653863712368,-0.29481487433777964,1.0118817127489823,-0.29481487433777964,0.3694697739639137,0.9890471742761011,-0.09576894957786247,1.8400965837432506,Reality
-0.9826414798078202,0.09241525793251931,0.6537619057991385,1.986697765610308,-0.7500111368650894,1.986697765610308,0.3283016813790733,-0.1434400833861741,1.986697765610308,-2.4235432392123815,1.986697765610308,0.1408100200935176,0.5889725852548782,-3.9610036258012062,-0.4612364550976641,Comedy
1.190562279942438,0.6924329339633131,-0.5014969265360254,,0.8692626448242756,,-0.9700390652374924,-1.8378436345687692,-0.4854868208972848,0.47365493877491405,-0.4854868208972848,-0.7846368781889698,0.8554714570588134,1.2043038243221118,-0.960919123046033,Drama
-0.4927920906174985,1.1152610231992925,-0.10267874212367156,-0.558484212998043,0.8030662722509692,-0.558484212998043,0.3288942924750252,-0.0632176248591966,-0.558484212998043,-1.839528867710919,-0.558484212998043,-3.129731139056448,1.9817841916555072,-0.2660640358588627,-0.6622786848965402,Comedy
3.8217925454463266,2.820475258414125,0.023428214059086017,-2.794858049585823,1.0461265547614744,-2.794858049585823,-1.0950551814309784,0.7596559198738804,-2.794858049585823,0.04133763990206596,-2.794858049585823,-3.353191717214437,2.732484786692848,2.6251782512787067,0.7674699893500783,Comedy
0.06290265874777623,-1.702791548372464,1.3430220306699105,-0.01761675606913249,0.9984098114389215,-0.01761675606913249,-1.502622167039066,-0.6963618146346651,-0.01761675606913249,0.5419322959732671,-0.01761675606913249,3.5624780041208246,-3.0392144733886948,-1.316816974849675,0.0786651855711598,Drama
0.43197449820692396,0.5171226069377985,0.08953362429706468,0.5040392803216016,0.4338198618725517,0.5040392803216016,-1.2584709416074147,-2.058341796141183,0.5040392803216016,0.7958757378259178,0.5040392803216016,0.6621153433331544,0.19776648334903568,0.02957080887879043,-0.6394415572039205,Comedy
1.4989931185135057,0.779722665308509,-0.7619700557078112,0.9738163570824452,0.2976814193027308,0.9738163570824452,-0.2832597002716992,0.35177933921497645,0.9738163570824452,1.8925882190969738,0.9738163570824452,1.0570932815889866,0.6352319286918692,1.003584575831814,0.057781578144827456,Reality
2.2312149877764007,0.5488545550884246,-0.9732632455877299,-0.7853949825373336,-0.2990987176499485,-0.7853949825373336,0.3928177683020299,0.6013635739626837,-0.7853949825373336,,-0.7853949825373336,-1.080566954813537,1.052089618856315,1.4979994679364386,0.5566296030509706,Comedy
2.2502748382509457,1.9112285285015775,0.29847479036683144,0.41561620195506443,-1.0780331223312296,0.41561620195506443,0.03337626777298668,0.9038882038788084,0.41561620195506443,1.6928247852636218,0.41561620195506443,0.7651692578866316,1.1212628268421656,0.529175299662657,-0.36505046013612014,Comedy
0.39417248480684136,0.942428873189116,-0.1877348294940363,-0.5589083849949985,-0.729737338824498,-0.5589083849949985,0.9178072846440156,0.260398777360136,-0.5589083849949985,-1.7510993561355903,-0.5589083849949985,-2.575821061018921,1.7502370907363802,-0.3382689487624422,0.6658343342349415,Comedy
-3.9626928279062,-2.2732450673971623,-0.3059949238428157,-2.9904031621497333,-0.35719453710719823,-2.9904031621497333,-1.054321749498829,-0.7046337022367302,-2.9904031621497333,1.701757160535352,-2.9904031621497333,-1.0115225546840347,-2.605526457785804,4.499548762513247,-1.1413051152596374,Reality
-1.253853598781803,-3.2919289168131782,-1.6643580689079518,-1.541141384099187,0.2989537978201399,-1.541141384099187,1.3141313548436329,-0.6296907496185565,-1.541141384099187,-3.5073701649014843,-1.541141384099187,-2.3626099059642582,-1.116882641861959,0.04829882672756773,-1.3500177197834964,Reality
1.4048044030280884,1.4749996763290347,-0.4469839812468283,2.1555357615785145,-0.0003159117464888293,2.1555357615785145,1.4168787622301586,-0.10461986666133184,2.1555357615785145,2.4563154263469595,2.1555357615785145,1.9132447543369362,1.000042418823945,0.16213616337121775,-0.5260243503490714,Comedy
0.06376144369743153,-0.24898102245152956,3.581765255610258,-1.7614619908205222,-0.3222467154999165,-1.7614619908205222,0.9610499785780091,0.5232907798984471,-1.7614619908205222,-2.3054927172629505,-1.7614619908205222,1.186346804181549,-2.0710771481320815,-3.3775721022847836,0.6365946298557159,Drama
0.20531266443252705,1.1947691312229718,1.1139132695179992,,-0.19219136084537183,,0.06346488786547465,2.3778784149937917,0.18156809220853554,-0.6117916366525621,0.18156809220853554,-0.2352767560854939,0.7159285961480149,-1.3901734092771045,-2.359944425221057,Comedy
2.91378639371967,-2.5702086974388485,-0.2079979908757137,-0.287826380227325,-0.0014622632860032683,-0.287826380227325,-0.48327487043169715,-0.06036874603471371,-0.287826380227325,-2.6171460465650167,-0.287826380227325,1.8858451598182937,-2.0005181136378845,-2.5316371808374645,0.06464797904030109,Drama
1.3321940959485459,-0.7785836732246965,0.8900569945570869,2.824792562866671,-0.5460001018631914,2.824792562866671,0.3000868373491866,-0.5819765549921517,2.824792562866671,-0.3182154965651006,2.824792562866671,4.381335167901273,-1.455750935515465,-4.1945478179580205,1.8718194494588707,Comedy
0.2511262109622815,2.2251714128095137,0.9454889438864318,0.2280412035421655,-0.17731778192138473,0.2280412035421655,-0.2947598973332413,-0.12613623793316703,0.2280412035421655,-0.9894800676152349,0.2280412035421655,-1.6777465031802614,2.102490388032078,-1.287479236471059,0.17250133543648669,Drama
1.3319564706942666,2.5226338651224087,0.35563077255297704,-0.3864958870810551,1.5583489203400036,-0.3864958870810551,1.6877324603107535,-0.24955413073693078,-0.3864958870810551,-0.5873883662629542,-0.3864958870810551,-2.3401938225905483,2.6185093686046113,-0.003285487490858671,1.565854069237694,Comedy
4.086730250870787,1.5613627814051336,3.317765853578293,2.558381185288641,-1.073152901767034,2.558381185288641,0.46649684755715004,0.06457084437842056,2.558381185288641,3.115255600598685,2.558381185288641,7.75989592465254,-2.056402944816335,-3.825401962557221,-0.020296113730838044,Comedy
0.8477927869997661,1.3225945593316086,0.14445586268668253,0.5413664143041559,1.5354698088652456,0.5413664143041559,-1.3880840268143286,0.4381174749115877,0.5413664143041559,0.46633032472213043,0.5413664143041559,-0.1163973622502148,1.1289062420351168,-0.1645409237479352,-2.422142535378366,Comedy
3.429780529757566,0.699795010570227,1.3317126548983194,1.903822446183334,0.19908405600057344,1.903822446183334,-1.2144211066765074,0.7158205359957289,1.903822446183334,0.8495655357037906,1.903822446183334,4.288519435126299,-0.7357677311973443,-2.9709766473339836,-0.5227976764385096,Comedy
1.5867056383859084,0.6386527363424331,-0.3909025589141088,-0.7590123669388082,-0.11953762454900801,-0.7590123669388082,0.845902442287746,1.5650777122745463,-0.7590123669388082,-0.2358581819205976,-0.7590123669388082,-1.104573985235827,0.9305460150403556,0.7814006989153645,0.7646332761847378,Reality
2.400689760717337,1.8303354297643788,-0.4064802580584325,-1.6835805985700787,-0.49979239287298544,-1.6835805985700787,-1.677476013420028,0.5691337797974176,-1.6835805985700787,-0.7887534386682383,-1.6835805985700787,-3.0813494369371086,2.3716581139164656,1.4331221250278405,-0.9375403334770813,Comedy
0.11068031817643254,2.088337702453836,1.0827989467289485,0.1287321932762837,-0.9815682573216146,0.1287321932762837,-0.4529454198479986,-0.7714584389922005,0.1287321932762837,-1.2470407611364154,0.1287321932762837,-1.6987947503345286,1.9533329354813607,-1.5073049507772993,1.072779904286209,Comedy
-0.2763240811134515,-2.013552276523809,-1.6179039380469258,2.199179383740105,-1.0847338365261208,2.199179383740105,-0.4234404593823476,0.1383594586953558,2.199179383740105,-3.0154854898995636,2.199179383740105,0.059333454080400125,0.057581622316126735,-3.0800988795258752,-0.5889750021016127,Comedy
-1.8060700779642878,-1.087496895830989,-1.0333733241503997,,-1.0286107653978367,,0.043150926228335926,-1.1108919441474954,-1.8841757555283227,2.0602931254123984,-1.8841757555283227,-0.9292746159672627,-1.0593955667622017,4.263097167077138,1.2461633698754786,Reality
-2.126584352707943,0.4226057586806569,1.3776567415419332,-3.4076402516765514,0.18796109386863216,-3.4076402516765514,-0.33649676827467645,1.2958069423058467,-3.4076402516765514,,-3.4076402516765514,-2.683554323170746,-0.38160220241934284,2.409258808855541,0.6659266895010698,Reality
0.47504375027172996,1.931315989986359,3.181617370452953,1.731581302892967,0.5535023836786844,1.731581302892967,-1.0450254819238844,1.4266559049835543,1.731581302892967,1.2609886812778728,1.731581302892967,3.7271140405768466,-0.6199668137446168,-3.3991561131276247,1.0196672750552631,Comedy
-1.018273118589967,-2.8571043863720904,-1.7414434043980174,-1.2151093424117403,-1.3789691787258942,-1.2151093424117403,0.3429699436908621,1.2516911319991346,-1.2151093424117403,-2.379884778020208,-1.2151093424117403,-1.8056427237550627,-0.9930934387626353,0.6502235461935092,-0.4390968810390026,Comedy
-0.9406204952746466,1.4045104918857991,0.3600989473583017,,-1.151756952405918,,0.8504751993652416,-0.7859041769691567,-0.3611005755534238,-1.4901792471390043,-0.3611005755534238,-2.7685017887484396,1.8832162876723353,-0.4928227547810455,1.1993558573513075,Comedy
1.4293829378991307,0.3475122959506608,-0.5446044339582994,-0.6636026218679867,0.9577457687682255,-0.6636026218679867,-0.0036476874703521615,-0.5525145702667511,-0.6636026218679867,0.09418260860502514,-0.6636026218679867,-0.7453282005041831,0.6182117204683225,1.0213174634652835,1.613882477469589,Comedy
0.6685331964100174,-0.4689147681773863,1.3027276730093544,-0.6794030418301386,-1.0384119055424803,-0.6794030418301386,0.17104037536218053,0.3946835773195821,-0.6794030418301386,-0.33243419476266084,-0.6794030418301386,1.4193543899878174,-1.4005165178374277,-1.0618557332780842,1.4112805198774403,Comedy
-0.26865266306102153,2.281042660391331,2.6365275857175643,-0.16076204566734265,-1.4115060971192066,-0.16076204566734265,1.7795606614541197,0.6542492066957031,-0.16076204566734265,0.8107714637443677,-0.16076204566734265,0.6650964720864896,0.3503157598562497,-1.165568490160593,1.136952776228599,Drama
-0.40604212780950033,1.2959107695643368,0.662487243606888,0.23985189016440855,1.1648164307928837,0.23985189016440855,-0.5849555751424146,-0.06929352590642973,0.23985189016440855,-1.7427344675104148,0.23985189016440855,-1.7815653521687496,1.5998353537024936,-1.6536084761038214,0.5164567621182706,Comedy
2.6363524894710335,1.594370066295678,0.8673495808966676,0.5036241645324232,0.47934360930363373,0.5036241645324232,-0.05364888368684969,2.0150303585766767,0.5036241645324232,-0.21938761330820877,0.5036241645324232,0.7062458593745365,1.0050316863401199,-1.5619511486918054,0.7149117523087432,Comedy
-1.3612273083982112,-1.4029919093378422,-1.3905305939907973,1.8150051359449884,-1.7214755374284376,1.8150051359449884,0.26639799089869937,-0.2822805699528271,1.8150051359449884,-3.2164381776328224,1.8150051359449884,-1.2689589488797124,0.7193558666683549,-2.707755324969994,1.1828533166000643,Comedy
-55.76795040098739,0.8445411365688842,1.1112878148055318,,-0.3881521546829555,,0.6751984175532783,-0.45369326760798095,1.0073620840204123,-0.8129742054290977,1.0073620840204123,0.2997743798439236,0.4749601432793807,-2.2504225414785997,-0.13594508503654434,Comedy
0.5317146821507654,2.507240483574824,0.648993070247354,0.7715786891982019,1.1891988665010933,0.7715786891982019,-0.38774276458367674,0.41917513544593493,0.7715786891982019,0.8737590042790837,0.7715786891982019,-0.5246485306907918,1.9565219975067514,-0.22480299545363472,-0.27893556906284106,Drama
1.278609609105911,-0.4100484572663755,-1.606344710704712,-2.8631838560378107,1.2484270092661158,-2.8631838560378107,-1.2773098034505848,-0.054497652944485254,-2.8631838560378107,-2.0731605920051583,-2.8631838560378107,-4.273320238840132,1.2920482011409684,2.4643306015121604,0.014014495521981432,Comedy
1.8988720223948197,2.0048645876697444,0.06018818013398841,0.8730552252884529,-1.3001510937068186,0.8730552252884529,-0.2415702505293643,0.27736786053954215,0.8730552252884529,1.440549082743937,0.8730552252884529,0.4525301158274985,1.519063498003197,0.23764491923749348,1.1851156027904015,Reality
1.6461977217887482,-0.19611362668200533,0.39900575276574507,2.1949043304337525,0.01887189394437337,2.1949043304337525,0.17079066300928142,0.8946927563592545,2.1949043304337525,-1.4395516379298328,2.1949043304337525,2.177118418138728,-0.09980336783256583,-3.8189994183567646,0.4587804675146047,Comedy
-0.5563402129708483,2.4208813218013687,-0.2808122630663903,-1.6425624649807167,1.5454946482140384,-1.6425624649807167,0.826171901533637,0.5867756025761569,-1.6425624649807167,-2.3742220263843525,-1.6425624649807167,-5.9124029620855545,3.727379076883354,0.9010139748536403,0.2543688758266843,Comedy
1.1898975461924317,1.3878386146722652,2.578009274650384,2.152691803400243,0.0036188722492129033,2.152691803400243,-0.7425708307543895,0.28558663934365397,2.152691803400243,1.1389303723203905,2.152691803400243,4.239775857177303,-0.7932061071587388,-3.584796100082987,1.1090252913280672,Comedy
-0.08818651824163593,3.877922392840803,0.7361745539371404,-1.9060230990027769,1.0571191981054493,-1.9060230990027769,-0.9380544109311029,1.1381415839537585,-1.9060230990027769,1.3774326248157527,-1.9060230990027769,-3.9343187857644453,3.2409389441287884,3.0426468309244488,-0.9217183698874986,Drama
-0.11859635910775546,-1.3072577863762942,-0.10593409139815768,-1.3724708434588972,0.6915175514338551,-1.3724708434588972,-1.389902734373749,0.49146224062966054,-1.3724708434588972,-0.9800223678301245,-1.3724708434588972,-0.512012261932981,-1.0288803324267444,0.4271436320837865,-0.23080796473544604,Drama
-0.6533639491478289,0.8767776283715148,1.1879970374481235,-0.5653459821979782,-1.028990444078413,-0.5653459821979782,0.39573026521658455,1.740617348174416,-0.5653459821979782,-2.139344096084643,-0.5653459821979782,-1.7928328620335836,0.9080592715953643,-1.7156815884939487,-1.1454059365104994,Reality
1.3446585617039193,0.05600559480756314,-1.0776061047091705,-1.8897363916248897,1.3965539269899332,-1.8897363916248897,2.3897774568717023,-0.5188875511929708,-1.8897363916248897,-0.9695349252070801,-1.8897363916248897,-2.693795306008699,1.0448772354221438,1.9020661743571126,0.8033586766851512,Comedy
3.0498418058615133,-0.25630806945895745,-0.007613278625175357,1.7870231397304563,0.8409727461014622,1.7870231397304563,1.3534317361019286,0.8467396050929406,1.7870231397304563,0.15467327048688484,1.7870231397304563,3.1630519600364844,-0.5521108916898465,-2.2352327517490185,0.14092500247875062,Comedy
1.0884881454266693,1.447553995385421,1.1400543290835092,,-0.1359510428125638,,-0.7337636367087228,-1.5025260096633697,0.5981659198598078,-0.15322580820169263,0.5981659198598078,0.5562685934201337,0.7491961755545296,-1.6024000244695962,-0.5320567998557109,Comedy
312.6228153837268,1.6015795735978957,-0.42979271749863945,-2.5377089971129285,0.3697988930222628,-2.5377089971129285,0.6823553155651406,-0.3001953759881802,-2.5377089971129285,-0.46765024385920484,-2.5377089971129285,-2.999688206195431,1.9536754534491858,2.290622670768351,0.444844864278736,Comedy
0.34129938281256217,1.8883515155619197,0.5186307765054354,-0.4585649833237755,-0.9307829423574147,-0.4585649833237755,-1.6659184594381136,-0.7243512804308289,-0.4585649833237755,-1.516485787083746,-0.4585649833237755,-2.6151082300942243,2.207349282889432,-0.6952185442926534,0.6586013470309525,Comedy
1.209236687741996,2.469466155117774,0.8494068694491772,0.9746542243863356,0.3436870848164471,0.9746542243863356,0.488282647811046,-0.026867775669246263,0.9746542243863356,0.8039974798473495,0.9746542243863356,0.15089754547826076,1.7434961772754296,-0.7953518767251594,2.719919971264737,Comedy
-1.3395394803300784,-2.5769918434734134,1.6454619266363608,-2.970047655276365,0.031076789675169022,-2.970047655276365,-1.3268340151439926,-0.07728486476351985,-2.970047655276365,-1.1380264431071665,-2.970047655276365,0.74335499571825,-3.5569623948506877,0.09788866284713166,-0.910233322039321,Drama
219.29416430061028,1.4598734495783694,-0.7335046490120319,-1.5283651575602761,0.0015282041213896878,-1.5283651575602761,0.9079060557994529,-0.6495331126037968,-1.5283651575602761,-0.2895908149330354,-1.5283651575602761,-2.688367892110167,2.042068269081583,1.8866538949049472,0.7720662176229464,Comedy
0.7044821846429298,1.8778927361883637,0.04552740672825695,-2.129195250158056,0.5600013229947584,-2.129195250158056,1.3395227129699097,0.6763817379634964,-2.129195250158056,,-2.129195250158056,-2.341936752390644,1.4455762244563275,3.3005984727896927,0.5702903024262986,Drama
0.19451445752452123,1.0576410465696542,-0.2184737674570154,-0.8165717107228269,0.2845578252736247,-0.8165717107228269,0.8055165096586347,-0.3511157142409622,-0.8165717107228269,0.699304160157369,-0.8165717107228269,-1.4393050766173943,1.0503876908434402,1.6890111562963022,-0.8330805365449659,Reality
2.3216034466386466,0.5318491852405258,-1.0514268868874088,-0.6312099073733498,0.11432646972038853,-0.6312099073733498,-0.3570981038144602,-0.9777142620473039,-0.6312099073733498,0.37849315943986417,-0.6312099073733498,-0.8547915178919877,1.0150586596859952,1.5396884386539762,1.5473401339270816,Comedy
-2.528673111646576,-1.1021658416580562,0.27830658238728834,-0.9046805475280765,-1.9043244916717508,-0.9046805475280765,-0.7806292639326621,0.07090758034864797,-0.9046805475280765,-1.5570231027885861,-0.9046805475280765,-1.429011748556831,-0.6768028110019995,-0.26225625267503666,1.6993778309616219,Reality
-1.057347824887373,-1.6341359440648762,-1.585973504821701,0.3560521798685694,-0.18014921322597002,0.3560521798685694,-1.1268784017836582,-0.409097512689574,0.3560521798685694,-1.5709131723128915,0.3560521798685694,-1.1794256724025831,-0.01729064727537244,-0.12078150728679479,-0.6253808560581421,Comedy
236.0320411730132,1.7656853040048366,-0.07848661619802211,-0.9562408984572477,0.19364103842072225,-0.9562408984572477,0.6701941071933406,-2.116157254771478,-0.9562408984572477,-0.007994914853530655,-0.9562408984572477,-1.6090882180836783,1.8028534782878798,0.9609482782326344,-0.4709948592063955,Comedy
0.050762016589809056,-0.04826958505484091,0.3978932736960712,-0.65067559492112,1.4568495402710744,-0.65067559492112,0.9409859267687147,0.8451531378894654,-0.65067559492112,-1.4232228357480954,-0.65067559492112,-0.9393414741465068,0.14789739613364872,-0.7598152930489384,-0.975854275453365,Comedy
1.4126186346273282,0.024667781975685917,0.36666318912595147,1.4669156668598822,0.4590898605236592,1.4669156668598822,-1.3480357042294897,-0.0976158933838392,1.4669156668598822,-1.4957758316180316,1.4669156668598822,1.1953994463995667,0.19549822899911795,-3.0357593703512644,-1.7546789567767618,Comedy
200.18191217430638,0.7868843546409477,-1.3235772723682808,,0.7580643172093485,,0.10378580313981563,-1.162582952973379,0.2954823547899419,0.07244273975565729,0.2954823547899419,-1.0227513793287109,1.6378071180256526,0.8315624532192513,-0.3607700030490435,Drama
1.2115231061733465,1.222236407273562,0.18926925245722048,-2.412259276778965,-1.3101808168925604,-2.412259276778965,0.49177919010242005,1.3219993878681413,-2.412259276778965,-1.7933573031948364,-2.412259276778965,-3.584456578910522,1.7114632857982017,0.9480713065162064,0.5658145483756458,Comedy
0.22762292664636652,3.485243653351432,3.4516515785054436,0.024954726193386567,1.1064491508677683,0.024954726193386567,-0.46592034496536616,1.92860773251822,0.024954726193386567,1.0668808411360282,0.024954726193386567,0.8024679645162794,0.9632890586757408,-1.7333814156782514,0.5925553762930719,Comedy
1.6935466815733746,0.6611375933007174,0.020144533209612403,-2.5039988003684615,0.5378128520801992,-2.5039988003684615,1.4101298245015559,-0.6125089743242744,-2.5039988003684615,-0.7756382434972995,-2.5039988003684615,-2.3693172031936833,0.8170939232750337,1.6632077130050023,0.6906718384792647,Comedy
1.3300961098140398,3.794547728737229,2.633709070113581,-0.6166615793410042,-0.21429398664790564,-0.6166615793410042,-0.3672381339858103,-0.6073208892813668,-0.6166615793410042,,-0.6166615793410042,-0.42146876768609104,1.8161872201668914,-0.5254460288256687,-0.2769591482429389,Comedy
1.495935379901082,1.6667523209318253,-0.2275310280264412,-0.9953798931564917,0.4923243490821905,-0.9953798931564917,-2.122111303795423,1.6895901150214292,-0.9953798931564917,-0.34909915227832733,-0.9953798931564917,-2.3093630064959165,1.9899011509419593,1.0464647338571977,0.37786676524461216,Comedy
0.4171564887211663,1.4204790616671632,1.2300258462120361,-1.354378141964855,1.5753162460829189,-1.354378141964855,-1.0633497687897473,0.19939030553005127,-1.354378141964855,-1.878712715659656,-1.354378141964855,-2.280780686813785,1.2887927032829478,-0.8979060242675246,-0.3035576904619597,Comedy
-2.770400737755362,-3.6264251898949587,1.9541257574390656,-3.069125009401808,-0.059580991615046514,-3.069125009401808,0.05034147674337789,0.7183321102244841,-3.069125009401808,-1.5756635411047044,-3.069125009401808,1.1514002650885564,-4.668319644412264,-0.38638718670990435,1.5996641630106003,Drama
-0.35264451676732156,-0.4686861052381012,-0.2452484028202464,-0.70443158907502,-0.5522797011323267,-0.70443158907502,2.2480705529198772,-0.3061097060280307,-0.70443158907502,-1.869188666688926,-0.70443158907502,-1.6921276790036168,0.3359870931950045,-0.433776949986935,0.6373450117620981,Comedy
0.6031903171777486,-0.4568047004019755,0.50435646053589,1.8731894492746626,-8.217617039129594e-05,1.8731894492746626,1.0181316458597063,-1.8046844522770042,1.8731894492746626,0.1694797863414137,1.8731894492746626,2.870348822574883,-0.9492467735237176,-2.369584257168506,1.1150843877564705,Comedy
0.4685909009255957,0.08610582117013738,0.09179290962587572,1.3906610816346436,-0.9245084427707839,1.3906610816346436,0.7747204786476911,1.8967459219754654,1.3906610816346436,-1.4564316275364235,1.3906610816346436,0.3749203229215585,0.5220007698133812,-2.478866806692041,0.4349733538029652,Comedy
0.13832021722130705,1.0873613769126476,0.17542142459559462,,0.15313981864144843,,0.7709551521179451,0.20421691780286344,-0.8278027822656894,0.9150207865823908,-0.8278027822656894,-0.9505084963566559,0.7281121925387142,1.493580958457838,-1.598563123317903,Reality
2.972798972031911,1.0889490174481784,-0.8724622034242477,-1.8597064091508524,-0.969469341624937,-1.8597064091508524,-1.8656224095714873,0.24022219875777895,-1.8597064091508524,0.41027277122184813,-1.8597064091508524,-1.8983628753691417,1.4201791885686066,2.5719240959104273,-0.07842636971054481,Comedy
1.6204712210934944,-0.22680616515884885,0.5614998478595642,-0.9372068876978833,0.12916116163403885,-0.9372068876978833,-1.9217876827322868,-0.535760497121641,-0.9372068876978833,0.7424823690006553,-0.9372068876978833,1.3122014822499508,-1.0579280133195015,0.5009010646949982,-1.2020227386171922,Drama
0.3017727810886628,3.489155119724856,0.42413688168189867,-1.8479040067954962,1.5749052047747099,-1.8479040067954962,-0.45988196524712327,0.605187263040028,-1.8479040067954962,1.7027876344754702,-1.8479040067954962,-3.421723713751042,2.8922003030506334,3.3348234953534037,1.095248188414033,Drama
0.08979859632652121,2.6187145776099117,1.1633227848579124,-0.23003069282182098,0.5301709629569028,-0.23003069282182098,-1.2377038701775713,-0.8307864247277982,-0.23003069282182098,1.1915459299097653,-0.23003069282182098,-0.8850370458948876,1.6193735316836855,0.5713244898475455,1.0695285990538674,Drama
5.165060707081137,2.4638567803750715,-1.4565000462968034,-4.671621293223458,0.23389982108904078,-4.671621293223458,-1.8406934603113412,-0.5926315785686229,-4.671621293223458,-0.44259711923287054,-4.671621293223458,-5.71559359271282,3.4417934984258727,5.127532215552242,-1.43201239471032,Comedy
0.7156984038811725,-2.479562807167522,-2.3511475217069977,-1.8704427976806872,-0.33546094340397997,-1.8704427976806872,-0.5821307552661251,-1.1009513955239623,-1.8704427976806872,-1.339891937184708,-1.8704427976806872,-1.8938147783859,-0.6517896742489091,2.324940519364191,0.662231812529212,Comedy
0.8064844927196616,-1.2543010751062091,-1.971396112778371,-0.9969865338681063,0.30675178042450607,-0.9969865338681063,-0.43522482207723784,0.7450553617759014,-0.9969865338681063,-0.5331735434400744,-0.9969865338681063,-1.5252217574269502,0.14604723133803,1.9783068208156092,0.8496374554382766,Comedy
12.19899008958123,3.4893636800393004,2.2470526137255247,,-0.4772513036359651,,1.6024252579249714,-0.22064500949181878,-1.1923427930819654,0.025855514241204913,-1.1923427930819654,-2.150994329728113,2.1930330530219244,-0.13229140000700856,-0.36151579906022185,Comedy
0.41288366454581643,0.8142614469767073,0.5455049250379966,,-1.215888741757774,,0.45528143957983896,-0.5513741367486439,0.27875865017253876,0.639304399377894,0.27875865017253876,0.5442021208781413,0.2505436362538901,-0.2181827866993433,-1.1802107937603312,Reality
2.118277797796841,1.881070124481122,0.7133926973348846,-0.3260341494459964,0.8873642731411607,-0.3260341494459964,-0.5065013814496757,-0.5367767942789243,-0.3260341494459964,-0.26838296840748477,-0.3260341494459964,-0.6781751991437506,1.4794524963116964,-0.49084928767722774,-0.0632270049845023,Comedy
3.3814968300107733,1.9199992000270065,0.9432086934938853,0.22157570639850588,-0.2456862693056694,0.22157570639850588,-1.7563911483985484,-1.2057070116958886,0.22157570639850588,-0.47238711525942134,0.22157570639850588,0.400632183486928,1.3346179220909709,-1.6026656655274898,1.0995254344465824,Comedy
2.2450573940663237,1.3841262604075346,-0.33196178484158323,,0.7086111295472733,,-0.04121628753595597,0.5556465175100503,-1.264663305648418,0.4031312915651397,-1.264663305648418,-1.5067349443593583,1.425362895787691,1.7040378266752505,-0.3409973794830628,Comedy
0.9021818349970868,2.270493857554042,0.6509305794461115,-0.5304791820880388,0.10993254511227356,-0.5304791820880388,2.8936253388350175,0.33709884782615446,-0.5304791820880388,-1.5628895347840002,-0.5304791820880388,-2.7056795954176662,2.5035805268537543,-0.7971712026329693,-0.04940022183560149,Comedy
2.053871170413568,1.6438841817416519,-0.33902925045584764,-1.3768502950635841,0.19780285028868422,-1.3768502950635841,0.7572022761830797,1.8752870109620945,-1.3768502950635841,-1.5521800256302773,-1.3768502950635841,-4.155985561985663,2.581235931108714,0.965074444059044,1.1075497315884908,Comedy
2.5203958538515567,-0.11084530659938295,-1.3484395643797642,0.31554365222377734,0.16787368574329925,0.31554365222377734,1.3006215125489948,1.375668689623747,0.31554365222377734,2.00632467320533,0.31554365222377734,1.3936446816744374,-0.05493239417959228,1.8437392175473672,-0.7076914382011097,Reality
142.8598510666813,0.5751064398859189,-0.5430823159684015,-1.8858961797254954,1.0585816771868732,-1.8858961797254954,1.109709522349643,-1.3590028347475545,-1.8858961797254954,-0.8757606189025994,-1.8858961797254954,-2.5718555513099166,1.1925306155420832,1.569976424654086,-0.508451157994838,Comedy
-1.6832308296203398,-0.22147357745690124,1.449139416521087,2.3428147073661783,-1.2325351560133793,2.3428147073661783,-0.6153144384525302,-0.6439460840894216,2.3428147073661783,-0.06413733485258533,2.3428147073661783,2.7922870644557984,-1.0979819371912731,-3.371217676346542,-0.34421467871865097,Comedy
-0.15376404220644346,0.5006352218609319,0.6466977557376589,1.628510131080327,-0.001923000428693868,1.628510131080327,-0.6348875967339407,0.18852895648796175,1.628510131080327,-0.6689773385174915,1.628510131080327,0.9372770475824515,0.355712296369924,-2.464951918177227,1.0949218833547487,Comedy
-2.0506809768802476,-0.7065896791792745,-0.7552912825932565,-2.670941088166468,-1.479214323900358,-2.670941088166468,1.2306054157895165,1.4820831848232365,-2.670941088166468,-0.4564657472050011,-2.670941088166468,-3.3931619576052916,0.05407416161772172,3.1570082111071165,0.6723205748410267,Reality
278.49855541399194,1.6627171588237208,0.916127066970986,-0.1763920724552246,-1.4325514643716653,-0.1763920724552246,0.934205378823784,1.5068497229864748,-0.1763920724552246,-0.6540486519037876,-0.1763920724552246,-0.06239365041078747,1.1769561465476275,-1.2730609565277073,-0.3206682893621439,Drama
0.7788949003749285,2.743140986760708,0.7441980413238525,-1.0609441577486178,2.5268913538616316,-1.0609441577486178,0.24472918616345138,0.01807945849851936,-1.0609441577486178,-1.212988576229256,-1.0609441577486178,-3.3501388317634233,2.8370624346086943,0.000448660988744428,-0.0836918701040947,Comedy
2.3492173389335913,2.203495493191879,0.6385538580656994,-1.844445036004113,-0.523094951822765,-1.844445036004113,-0.23787628811085187,0.8694287849376378,-1.844445036004113,-3.0881045389753847,-1.844445036004113,-4.007180399699846,2.8409938110128694,-0.8827786473403175,-2.2030319286297684,Drama
0.780234484983031,-0.7256969793572736,-1.4239609549984822,0.18321249257914096,0.00010107170726264948,0.18321249257914096,-0.8313176248952477,-1.1375026377502324,0.18321249257914096,0.05623527812995344,0.18321249257914096,-0.20321420861905448,0.14533695963840287,0.8814544483071383,-0.6692744861723348,Comedy
0.1575274648848065,0.8385067659115675,-0.2626687824403544,0.6544522060089324,0.6451081577698827,0.6544522060089324,1.1605183157040113,-1.0204065204977755,0.6544522060089324,2.7906335919286107,0.6544522060089324,1.2368060135254202,0.12824465845182254,1.725617201904865,0.07011906838107376,Reality
1.794585867908802,2.859770255926464,1.7064616617520132,-1.113045786353508,-0.020366306905880687,-1.113045786353508,-0.6333792532189577,-0.9628205178871903,-1.113045786353508,0.1693508423532909,-1.113045786353508,-1.1411714275672105,1.7046642870359707,-0.07622617562067521,1.06117559569404,Comedy
0.6535754679234752,-0.010202888938331016,0.9117709038351889,2.0631336348006464,1.4153640002943628,2.0631336348006464,0.16540582170274926,0.5520102924188627,2.0631336348006464,-0.2392119613586422,2.0631336348006464,2.7406982563793125,-0.6081336718564225,-3.1154802437037605,-0.4268432572062936,Comedy
-0.6444875662957912,-1.2407016916598708,-1.2184277402729176,1.2904329924203177,-2.150788369704947,1.2904329924203177,0.21860508037384616,0.32398313118009947,1.2904329924203177,-2.899780799774952,1.2904329924203177,-1.138024010042306,0.5983795957868149,-2.252321533381322,-0.4894145193788949,Comedy
0.8364863987093979,-1.2556788693866148,-1.0194926472162174,-0.01299038207760006,-0.8351057292122822,-0.01299038207760006,1.1087066423958514,1.0819686798235746,-0.01299038207760006,0.5346235251742051,-0.01299038207760006,0.9580681790712509,-0.9052567460776515,0.8716240574597753,-0.14595835895406004,Drama
-1.1000387136139973,-2.6488565884281883,0.5987385222697367,,0.06705337664541876,,-0.9680274197341888,1.9597508317468648,-0.3323379644042088,1.5132046892298547,-0.3323379644042088,3.6162441940635914,-3.7984348722401284,0.34384527356027594,-0.30611569464801897,Drama
1.0872730283188,-0.7900903005634374,-1.2280238032999122,-3.628245345749966,-0.8460016217182692,-3.628245345749966,-0.29799928544393545,-1.608138274564776,-3.628245345749966,-3.095529627977692,-3.628245345749966,-4.8278122172971,0.9653578695637675,2.07172032239409,-0.33331967288952735,Comedy
0.40771858290934027,2.2949044838834074,0.07116549976392605,-2.0144740748869383,0.00472415993175403,-2.0144740748869383,-0.05807357291447841,0.13766606107099677,-2.0144740748869383,0.23467104918783344,-2.0144740748869383,-3.5752948316904307,2.335533807508032,2.499370801809565,0.24255863671027056,Drama
1.3102747116211075,1.216400808989037,-0.77092175835147,-0.7489879911032101,0.9267723699525043,-0.7489879911032101,-1.441567718125453,0.43534745842454026,-0.7489879911032101,-1.4044858681773094,-0.7489879911032101,-2.9835832227557915,2.2740187809662724,0.5242216437428163,0.1940248240945747,Comedy
0.8758541759586875,-1.574888177645411,-1.9318361507511401,-2.7127487907611965,0.7289377642808315,-2.7127487907611965,0.4163446239811009,0.27413521039557004,-2.7127487907611965,-2.1294836369108854,-2.7127487907611965,-3.499313577901368,0.296773758017975,2.37875756469348,0.22575402326345637,Comedy
1.2136575718412868,1.6995765827895202,1.417841510170963,0.6320767336171464,-1.0087920906524224,0.6320767336171464,-0.9810429121685136,0.2848075327990231,0.6320767336171464,0.25792521862912743,0.6320767336171464,0.9349047206972804,0.6728355759566649,-1.5760171055140522,0.06484643007614406,Drama
1.160911211872797,3.181120637658387,1.6643812344547593,-1.0810872256278794,0.9367021652133216,-1.0810872256278794,1.184951586198733,0.8880095163128456,-1.0810872256278794,0.28298313102082884,-1.0810872256278794,-1.7131619807089118,2.1004616267834684,0.21350257272016504,-0.13824666190173032,Comedy
-2.105109446716341,1.7243354092283227,3.2335325272848374,-2.3468879728438297,-1.2551356562286478,-2.3468879728438297,1.933427875011652,-0.28997138763204167,-2.3468879728438297,-3.1411759609962253,-2.3468879728438297,-3.239457178272095,0.8143796700874163,-2.158374716040237,0.4682462700165375,Reality
2.79894365310846,2.8258061835895307,3.1916424475977827,1.3049802567597086,0.6443599204660322,1.3049802567597086,1.531366368124044,0.8515029327809144,1.3049802567597086,2.033315531649122,1.3049802567597086,4.027931655648089,-0.10523121975883076,-2.697572850152133,-0.33020194969937605,Comedy
1.6045945833637856,1.6476303331181013,0.12069179058614099,-0.4593693303191584,-1.3050293125661188,-0.4593693303191584,-0.4490237408579292,0.6799227328282309,-0.4593693303191584,,-0.4593693303191584,-1.9757740176600926,2.0023507085651517,-0.37707728540639013,-0.6527806440750685,Comedy
-1.0478978983294536,-1.354762354246586,-1.1792192779179442,1.4511311300272474,1.6425556441632867,1.4511311300272474,0.054003185306959696,-0.39573604161673054,1.4511311300272474,-2.9607158100241326,1.4511311300272474,-1.0747265594504973,0.5004273360560626,-2.4345747982281596,-1.4117905649518556,Comedy
1.5840071527592685,1.6851363404085007,0.3542264325316663,-0.30302986540501364,-0.31998311566515364,-0.30302986540501364,-0.35787988047620617,-0.28427582724857425,-0.30302986540501364,-0.9703282366707822,-0.30302986540501364,-1.5315647759442867,1.812055219109797,-0.6015817968993228,0.4122355563857394,Comedy
-2.4577466856918484,-3.3340014998096867,-1.2268710928205842,0.31066563455889273,-0.894956673496756,0.31066563455889273,1.0667445991494777,1.5509724897557207,0.31066563455889273,-2.0896919744547144,0.31066563455889273,-0.03368905825898726,-1.8549783464482366,-0.9272157313197262,1.058273053292295,Comedy
1.6691377270676673,1.8414195018246062,-0.3563300043886521,0.9212925080098628,0.09582852546987959,0.9212925080098628,-0.3699088674913722,-1.5170971383636558,0.9212925080098628,0.9392167382408565,0.9212925080098628,-0.20642156339703374,1.8341180683480602,0.244653437427527,-1.3593335586723108,Comedy
1.8879792571863507,1.384469222803302,0.9005040373216286,0.9778777066509309,0.8160709521262104,0.9778777066509309,1.336751340741902,0.8378965829016692,0.9778777066509309,-0.5001080164970303,0.9778777066509309,0.8105386977161337,0.9150074799629175,-2.144853732406703,-0.3010602454075505,Comedy
0.7542864695413236,-0.47352664101367453,2.4413127883860826,-1.8280526526985075,-0.40534384579689015,-1.8280526526985075,0.5325946100677951,-0.8163992105816134,-1.8280526526985075,-1.2913693632617187,-1.8280526526985075,1.1386594634621583,-1.9104552125367837,-1.7260700133390896,0.02896023878134897,Drama
-0.27745725558656975,1.3992972176816594,0.04831589419990878,-0.030565664340780563,0.04318314583397803,-0.030565664340780563,1.7160796838062289,1.7715206092207658,-0.030565664340780563,-1.9348260970967257,-0.030565664340780563,-2.815205624873733,2.2094567776692564,-0.9468224525730301,-0.2525183763896106,Comedy
0.8670754260237401,2.2804540936082365,1.9342389672792737,,-1.1496786226859304,,-0.6323010530509557,-1.2144953962133826,-1.1038260088151775,-1.7981317958060936,-1.1038260088151775,-1.9835887750978947,1.6685492764025285,-1.6197784851688248,-2.1662049414541813,Reality
-1.01373745997377,-0.5950904719075117,-0.6236436851583367,1.0599805579248383,0.4727524793452963,1.0599805579248383,-1.0152224851488865,0.8015911173609623,1.0599805579248383,-0.10366802534764996,1.0599805579248383,0.2697295872997329,-0.07477711923662378,-0.4403835186006796,-0.6541019026009134,Comedy
0.6352521621641631,-0.05604258571907714,-0.29241521607730214,1.1449036537542767,-0.3310617705388093,1.1449036537542767,1.1985325427347033,0.6724462870938236,1.1449036537542767,-1.6797360493381834,1.1449036537542767,-0.14275964793068116,0.7037319175336945,-2.103001893263553,-0.7818416871847748,Comedy
-0.12067611657696042,2.396963421327711,1.9993959426135322,0.37871937613020684,1.1486693467619185,0.37871937613020684,0.2852028392729319,0.14888984927740254,0.37871937613020684,-0.7941384586221227,0.37871937613020684,-0.6722676354790322,1.496358189769765,-2.1791570319641105,-1.1612657411358804,Comedy
0.3751520307946212,0.45404965174500883,0.6168701939455403,1.6518080387829268,-0.7865409082599554,1.6518080387829268,-1.1341432975970926,1.343571622327353,1.6518080387829268,,1.6518080387829268,1.3692821664348394,0.19974794336999824,-2.408073997338297,-1.4412358664848286,Comedy
0.12676549094416933,-0.1427943002113279,-0.453954027942624,0.24195335178131194,0.15261123063657156,0.24195335178131194,-0.5120591931049905,0.08638904612087749,0.24195335178131194,-0.7015040981549546,0.24195335178131194,-0.5337087423368598,0.40913030782516935,-0.3428904429912783,0.6759946399151754,Comedy
2.3713805467304434,1.102466719783083,-0.436613913896304,-2.262880092551482,-0.15328247439288384,-2.262880092551482,-0.06600388251421234,-0.2826146982711377,-2.262880092551482,-0.8632126970251076,-2.262880092551482,-2.8690683560680106,1.6118994651696554,1.7852618235806819,-2.2603762237377474,Comedy
-105.82578903178927,0.22679499743923126,0.3970942392196282,1.030879743444223,0.7545731614324866,1.030879743444223,-0.7598590589651513,-1.1981461302636902,1.030879743444223,-1.2482541410715042,1.030879743444223,-0.2980378594426914,0.5018103732623751,-1.9535085757291801,-0.27443161674223143,Comedy
-0.38171767381289046,-0.6045249266657119,-0.4084837713118097,0.4272036203116656,1.0906626592407633,0.4272036203116656,1.656137065389433,0.41132844123530937,0.4272036203116656,,0.4272036203116656,-0.3238373266037782,0.03844122546313755,-0.8283844874393769,-0.24833809608206084,Comedy
2.2916731035565814,2.9373319966478837,0.2789063105512053,-0.7519032075470862,-1.083421644764144,-0.7519032075470862,-0.09279553276085642,-0.32947018490183333,-0.7519032075470862,0.8045904524471972,-0.7519032075470862,-1.804079824987757,2.559409968801692,1.292407315446443,0.6569508035200812,Comedy
-0.0922842569386576,0.9050944716132918,0.2408700121439301,0.22767684794500365,0.9977746195004629,0.22767684794500365,-0.03355265560307763,0.13161546258625204,0.22767684794500365,-1.7454450484997202,0.22767684794500365,-1.6845526327467193,1.4482297320703115,-1.4025575055419828,1.2371773680284754,Comedy
3.4137157802494107,0.3958818168263306,-1.5542353817236711,-2.7837018215289007,0.054717485481750636,-2.7837018215289007,-2.146428704041379,-1.3292172328987766,-2.7837018215289007,0.2472758026414359,-2.7837018215289007,-2.5226749504413015,1.1565920113278059,3.725205452210975,-0.1018350582561306,Comedy
0.014265682086394671,-0.38045919255970834,-0.4532130512816761,,-0.040436428281623665,,0.5661471303857114,-1.4094007802411088,1.6559525725955733,,1.6559525725955733,0.04207323418076969,0.5750802322506852,-2.507509692524219,-0.8959734107239358,Comedy
-0.1312152781815228,-1.27209315888667,-1.5129364224453028,-1.4619414431018054,0.13176995249347387,-1.4619414431018054,-0.7221254356292763,0.5665731733916468,-1.4619414431018054,-3.302297567034782,-1.4619414431018054,-3.60852872512111,0.8389789497857534,0.25668324192541975,-0.5497732976986006,Comedy
0.752400289726196,1.8900776761217646,0.17760884474093241,-1.6809680949722976,0.7269554504763149,-1.6809680949722976,-0.5857816683042519,1.0973290339664974,-1.6809680949722976,1.4744461282327177,-1.6809680949722976,-1.817758589504005,1.353709821117666,2.7679894117108255,-1.1740874786063475,Drama
-3.067156333674024,-0.685802184710033,0.033209392636773694,0.15961349072340403,-1.1690505455166174,0.15961349072340403,1.5070441207619945,-0.823712805766539,0.15961349072340403,-0.5494991545441543,0.15961349072340403,-0.880004348752107,-0.33814071915985977,-0.14041200323586792,0.104652196512943,Reality
-0.06966965498770583,0.7157655922206206,0.3486631871075781,-0.4511372944097566,-0.06340179269090021,-0.4511372944097566,0.6256339488544651,-0.7900913880162838,-0.4511372944097566,0.807113844051329,-0.4511372944097566,-0.24729370549316862,0.25358935803213467,0.8453382483354402,0.5541534655220604,Reality
248.22123813382265,1.6284625387281966,-0.30940604568042956,-1.23491549010524,-1.5694257937947484,-1.23491549010524,0.44638393122585013,1.4952961528710949,-1.23491549010524,-0.16814855727320932,-1.23491549010524,-1.9760003710921201,1.860614799015017,1.2763221311448625,-0.44406884446766853,Comedy
2.233585518101445,2.981242423608745,1.6989357420896263,,-1.4679678162001484,,-0.5249425552993989,-0.37235708411141405,-0.43443939334827664,-0.18128449375149347,-0.43443939334827664,-0.7675474537460745,1.9411379905032007,-1.0093364860691678,-1.0343538528510758,Comedy
1.1092274649909974,0.9635754813159343,-0.17841262361880916,-2.4564159170152458,-0.3501257048659875,-2.4564159170152458,-1.823494601778798,0.0413845931978107,-2.4564159170152458,-3.1038053546463003,-2.4564159170152458,-4.629711553652944,2.1594162960044514,0.39154726446464716,-1.1236532432878665,Comedy
2.0120876810288024,0.7213917359155374,0.7490583771633732,0.2688511534185922,1.117426608072246,0.2688511534185922,-0.18442377942710617,1.0751740274541495,0.2688511534185922,-0.5463637025960757,0.2688511534185922,0.8134361229681084,0.2899997652217845,-1.5487567936464384,1.0556100776729007,Drama
3.906044089007156,1.0513478190903058,-1.9770689776021353,-1.597950435943464,0.005639475662515553,-1.597950435943464,-0.31767540944055855,0.30548973193130363,-1.597950435943464,-0.43508850044344016,-1.597950435943464,-2.9361329243227487,2.399718140149388,2.5976705444841883,1.17231276370673,Reality
-0.757043368807087,1.1832510776088674,0.44833285817804835,0.8980196556341391,-0.849021351862043,0.8980196556341391,-0.47519921671060217,0.22929389151711965,0.8980196556341391,-2.181567789447605,0.8980196556341391,-1.815163789736956,1.821174023584403,-2.3383739317147065,-0.3858692970887471,Comedy
0.5833262565696328,-2.2331173119768177,-2.160862795730719,-3.216311963746623,0.7099637257015411,-3.216311963746623,-0.4539594925924551,0.5942730696192252,-3.216311963746623,-2.4537179192667216,-3.216311963746623,-3.7917076448548914,-0.1330943685149737,2.7433599018224912,-0.2257020374935743,Comedy
3.5186258488979716,3.152295224779413,3.0270252557223483,0.5728680038305597,-0.5139068250341923,0.5728680038305597,0.2528568465905298,0.18386241989892854,0.5728680038305597,1.625319306227649,0.5728680038305597,3.0017434876388496,0.4488790859942283,-2.1848059437547125,1.5066539614627399,Comedy
1.2540341612780759,-0.09451054903474851,0.48994076541415205,-1.1351101540083541,-0.46841842514843335,-1.1351101540083541,0.04935648468243259,1.8794193174466347,-1.1351101540083541,-0.09871612097575633,-1.1351101540083541,0.231120168536442,-0.538121505683462,0.2812108032979866,-0.013628400598795904,Drama
0.48422891198107954,1.9882151383695028,0.7282103935885682,1.90624215550363,-0.19440863478006487,1.90624215550363,-0.33454700894126166,0.2605061683208879,1.90624215550363,1.0380338638698838,1.90624215550363,1.08014415679211,1.2888490140307949,-1.3842516272614842,0.3968118433626823,Reality
0.02127598208565895,1.293627437612095,0.9299668604274388,-1.1427942398660664,0.33302227593247113,-1.1427942398660664,-2.1526000733319948,-0.6216620730693685,-1.1427942398660664,0.03809117641118143,-1.1427942398660664,-1.2397747882956058,0.7257239874918353,0.5490129404640895,2.0202870779327378,Reality
-46.479021790576795,1.3732310546204798,0.07578350841101467,-1.2227596985424416,0.42899860782498367,-1.2227596985424416,0.7828893833428233,1.0781746741670128,-1.2227596985424416,-0.34229110656968476,-1.2227596985424416,-2.7543418014485885,1.600020401009691,1.2850585751206363,-0.010562656126355794,Drama
1.5479684657383763,2.436469184710616,0.9445840148167757,-0.07420408144881396,-0.3409058050497452,-0.07420408144881396,1.206469844619888,0.20995532845595202,-0.07420408144881396,-1.1389766796461345,-0.07420408144881396,-1.6411687599432567,2.2803819374736207,-1.2999165221707503,-0.9781421745178122,Comedy
2.959759753466235,-1.760417008526688,-3.0163787213329156,,0.15448690841696178,,0.7419168619809889,-0.3593143445196045,1.7552807496033396,2.91396814491019,1.7552807496033396,3.2842703701644287,-1.0071731114316438,2.1846496642125546,2.3391753326140594,Reality
-1.9305283448728925,0.38238146327679534,-0.06460900231540478,,2.914042435789199,,0.40789124955144745,-0.5029934193225336,-3.9454372039301653,,-3.9454372039301653,-5.191644224296033,0.9682561674404033,3.495377707176643,0.0745013421905169,Reality
0.10703975678260136,1.926923474856442,1.2455037940263811,0.05608181299806736,0.20882089328481607,0.05608181299806736,1.6836339406501575,0.1786003834474654,0.05608181299806736,-0.8814649990173531,0.05608181299806736,-1.181016643609335,1.5291019983411678,-1.3801316374270396,1.4778279475680967,Comedy
2.4109516430322993,0.2133748884421812,0.9927453727750037,-1.4331517751925107,-0.007395924488429011,-1.4331517751925107,0.20555727267306662,0.00881291352289972,-1.4331517751925107,-0.6608501324867029,-1.4331517751925107,0.36993821310378683,-0.4600187341721604,-0.444900807560646,-0.32354019394415806,Reality
-1.151275459525712,-2.3564489625340763,-1.251258146161941,-0.4799606405199068,-0.007948789390759776,-0.4799606405199068,-0.662886206354911,-0.24669176985443175,-0.4799606405199068,-2.304071917708577,-0.4799606405199068,-1.2460161625410635,-0.8002574519756496,-0.3095858137363506,-0.4669690230419155,Comedy
1.9858814797377984,-0.472612291196953,0.019031740058263358,-0.6255524358553821,-0.8033378388501724,-0.6255524358553821,0.7221390363867434,-1.0792100535968256,-0.6255524358553821,-0.06852804608076946,-0.6255524358553821,0.8863508582149706,-0.6783258429220904,0.028601495080879943,0.5011825543386496,Drama
1.1413232444918646,0.7370777972310171,1.239624476395956,1.0859401715225396,-0.9769141399719798,1.0859401715225396,-0.8219061425088006,-0.865142919150769,1.0859401715225396,1.856535887228696,1.0859401715225396,3.1121022474982976,-0.8097290943415725,-0.9636286534792363,-0.36641517021374775,Drama
0.6442607203859834,1.072287941819904,1.6315857799165419,1.3196912897794861,-1.6298045951501166,1.3196912897794861,0.0362783920450997,-0.14423988091075576,1.3196912897794861,-0.3205076923365748,1.3196912897794861,1.723839870971492,0.0859957827217489,-2.87562517204788,1.391506912121326,Comedy
-2.641479564323151,0.8655917689283815,0.4740258299313116,0.30758731808701034,0.2424169299718632,0.30758731808701034,0.17995616636212347,0.8867478662720222,0.30758731808701034,-2.2990726509233177,0.30758731808701034,-2.85877652413961,1.637224106400183,-1.5984981418875353,0.3814441899116126,Reality
-0.7515475332343167,-1.3399952633506511,-0.6477470569852839,-3.0036178971099066,0.387954179490993,-3.0036178971099066,-1.2067447455189577,-1.5140520667523607,-3.0036178971099066,-4.768217577257139,-3.0036178971099066,-5.071331213691663,0.6857232017837432,-0.004040748161931667,0.6318250250643017,Comedy
0.6769263329655657,0.8111572914948292,-1.027174349447486,-3.4518465645077523,1.81346902906795,-3.4518465645077523,1.864743824302759,-0.3397559088432544,-3.4518465645077523,-2.7890741449063796,-3.4518465645077523,-6.142856365185059,2.5130556689992556,2.402235227119694,-0.6939035255329965,Reality
3.7818378238022214,4.336996022023145,2.617994652452656,-0.6953942918360876,-0.553796402117623,-0.6953942918360876,-0.5718315433590588,-0.1593149487285882,-0.6953942918360876,1.6603192367654336,-0.6953942918360876,0.4749958561616051,1.9984175166879699,-0.3252851737354018,0.03735396706121877,Comedy
1.7819670365088842,2.93885339920039,2.28576328434944,0.2015884320384802,0.0020788717852027717,0.2015884320384802,-1.1421770744533106,-0.11545248190048782,0.2015884320384802,0.8357161041348402,0.2015884320384802,0.8467533037535644,1.1592695940741908,-1.3923479638294722,1.7885521726318911,Comedy
2.57586958026659,2.2777563580847335,1.3469557941166488,0.047855962403900776,-1.5318234572990872,0.047855962403900776,-1.670238238590424,0.156704243110722,0.047855962403900776,,0.047855962403900776,0.5892945628045622,1.1507623107443101,-0.8907559378711163,-0.6089522098057124,Comedy
2.2105826872481624,1.9523560229085173,-0.49439753889709764,,-0.5750439547722354,,0.140539789622435,0.22240320336780117,-0.11945790313902505,1.5722135352477007,-0.11945790313902505,-0.6308320812525822,1.775718480783593,1.7225879502737222,0.35503266952890217,Comedy
1.2684183226651322,0.2825661140623985,-0.02780788274974333,0.25590044779098053,0.47998142433791496,0.25590044779098053,-0.833733460768776,-1.112894053057331,0.25590044779098053,-1.151067920056723,0.25590044779098053,-0.2871260552798705,0.6377390284636391,-1.183143104281472,0.7910663645298087,Drama
0.11049284067629406,0.17289063192548565,-0.42578667955061483,,-0.3113118961831205,,0.7265582461596326,-0.5157720789493969,0.3442059216766711,-0.5716498843345827,0.3442059216766711,-0.6774212702764628,0.6937953708980211,-0.295670206276175,-0.5655928219010106,Comedy
1.353004900158618,-0.5064306890887068,0.4345157788565732,1.1358346248276412,0.16293878469542047,1.1358346248276412,-0.4461482169589321,1.319446827177607,1.1358346248276412,2.2962047253140963,1.1358346248276412,3.9856066330329405,-1.771508104947807,-0.2964890795765891,-1.2588679024175229,Drama
4.015318537611915,2.0965815068578304,-0.6544383920945478,-1.4532414474649649,-0.3778581524264418,-1.4532414474649649,0.1322748844487424,-2.4381832384814515,-1.4532414474649649,1.095471325423855,-1.4532414474649649,-1.4832834959154566,2.0546129802709903,2.5006556930511312,1.0418892528331494,Comedy
2.070226023418818,-0.597947367372407,0.44089897112274845,-0.12865894122827537,0.6199664777274865,-0.12865894122827537,0.7109546947746946,-0.4704382940422268,-0.12865894122827537,0.11010695811343929,-0.12865894122827537,2.007432842389965,-1.183013300206364,-0.7670524185843257,-0.822554645489541,Drama
-1.126882138171665,-1.4439774192188422,1.911169242398439,-2.218268837138429,-0.6662015490556048,-2.218268837138429,-0.6270704314511139,0.0772714007323545,-2.218268837138429,-1.564200979374454,-2.218268837138429,0.251404872036071,-2.356662709099268,-0.9201470234698684,-0.5469371533234877,Drama
2.217059273610708,2.0745012513237553,0.16555055407971386,-0.9519472678906518,1.0736147927459634,-0.9519472678906518,-0.2611238614771186,-1.07669257193191,-0.9519472678906518,-0.12363489632412716,-0.9519472678906518,-1.8120794331489611,2.0197361691532323,0.7507366495312163,-0.6692068700093522,Comedy
0.9092721520241778,-0.022085424692792986,0.7600607565519955,1.6928262614199248,-0.8250308402201888,1.6928262614199248,0.7073228123360854,0.29984870176161416,1.6928262614199248,-0.8960609520837169,1.6928262614199248,1.994082835166074,-0.30660822048929726,-3.1244916859475858,-0.1693598635838322,Comedy
-0.7974641323423145,-0.7250126439630673,0.5643903234900216,-3.5403822750732292,-0.0032598470101709125,-3.5403822750732292,-0.04031287375614679,-1.0243354788732077,-3.5403822750732292,1.4700519890609949,-3.5403822750732292,-0.849571731046802,-1.705863963038546,3.8134734046044083,1.6245654243927246,Drama
-1.3735086414905229,-0.6948951434396706,-0.33843113257686336,2.5116444891062804,-0.8588152484147612,2.5116444891062804,1.0982824383709437,-0.22679822191893245,2.5116444891062804,0.311755404481024,2.5116444891062804,1.921909045612279,-0.4876755245437847,-1.7585787945041107,0.38863818702248737,Comedy
0.5636052362814434,2.899989234343158,2.1177546277173898,0.4797635694922935,-0.15630173591635912,0.4797635694922935,0.5395917194983618,1.4275403969773064,0.4797635694922935,1.6419756025991634,0.4797635694922935,0.89315788973989,1.055480148088337,-0.7174742051285437,-0.6782194947220826,Drama
1.0453909119149274,-1.3722485894808982,-1.1990263711021327,-3.2323954099673777,-1.771100021082029,-3.2323954099673777,-0.6533412276686092,1.0310522043749433,-3.2323954099673777,-1.8796457182215793,-3.2323954099673777,-3.1094836913764046,-0.11587584444265853,2.3684101397599604,-0.36487697922595874,Drama
0.560718312389865,-0.8913786349204489,-1.179619293305243,-1.890628987933825,-1.0790594103982674,-1.890628987933825,2.0031216463680606,-0.31087139453489804,-1.890628987933825,-2.0000433337785086,-1.890628987933825,-2.835148937990881,0.49944434263072524,1.20584817301319,0.8299668460176283,Comedy
0.5223424906801817,1.4839782604719332,1.5198281305966885,,-1.4631910439023517,,0.3233617330139212,0.8526110406331375,0.7590781709277872,-0.5179646925264066,0.7590781709277872,0.5502593546999933,0.6918089972446173,-2.24744675650017,-0.9697311181273818,Comedy
-0.4742763172973814,-3.0300199952159974,-0.2999646543662895,-0.37683538567282276,-1.0124652960022111,-0.37683538567282276,-1.3291979754720826,0.029112115850993683,-0.37683538567282276,0.7831825214284853,-0.37683538567282276,2.847675883227513,-3.3657461691345025,0.5188217172274454,-0.285095376070614,Drama
0.021639069696731683,0.6461668998374238,0.4619762933041942,0.4046145724208464,0.32581564144021485,0.4046145724208464,-1.3467046871936375,-0.696097597357915,0.4046145724208464,-1.4443801007079577,0.4046145724208464,-0.7945117245885941,0.891099093941384,-1.6590028917375808,0.08190964625316328,Comedy
-0.9075651551864492,0.37198929376563034,-1.0718521536328773,-4.891474904748316,-0.4638362176622573,-4.891474904748316,1.588418910401209,0.11668040879630599,-4.891474904748316,0.039431464162165586,-4.891474904748316,-5.76092071309689,1.1745713579997619,5.95460405619256,0.8384239456930768,Reality
0.3021158947969121,0.2155539843803217,-0.18283243782133518,0.6087554796227683,-0.3743601684098771,0.6087554796227683,-1.9922585547497447,0.9558135406770111,0.6087554796227683,,0.6087554796227683,-0.2555531993100932,0.6006146569474745,-0.8942224066771436,-0.9731850330680717,Comedy
0.44157116821715164,0.8335137893847646,-1.274206078946828,-2.168034610168691,-1.0183439283535127,-2.168034610168691,1.0420380245283636,1.2018218999419856,-2.168034610168691,0.369979029964171,-2.168034610168691,-3.481323655250757,1.6410821444450407,3.6416834974757197,0.16639213702271755,Reality
-0.3600150105645423,-3.6440286759314056,-2.9235415813381964,-1.7828118771775214,0.001603449173336611,-1.7828118771775214,-0.1758196002107644,0.5984238531183855,-1.7828118771775214,-1.7276049434329743,-1.7828118771775214,-1.9519062246661267,-1.2992305821079697,2.4344436885052154,-2.2258748457823554,Comedy
0.7217201897710416,0.6311686944505457,-0.5218076464631962,-0.26183452995562384,-0.40434077812014796,-0.26183452995562384,0.45852392595647645,-0.6321359769691918,-0.26183452995562384,0.16311661790776888,-0.26183452995562384,-0.9809936533544545,0.9524068489685671,0.8725543395266763,0.4718322574541818,Comedy
-1.8041412362530838,-0.448452152460173,0.16579446921708207,-1.4656125256220245,0.06540936972585772,-1.4656125256220245,-0.7207766108942008,0.41324604695860884,-1.4656125256220245,-0.36243623261315,-1.4656125256220245,-1.5699467276537713,-0.36108409524487484,1.2219259586756697,1.2760252152065885,Reality
0.5838559102225317,0.581770778712869,0.014196464462080893,-1.3907658337222126,-0.250101897775635,-1.3907658337222126,-0.023296998219585516,-0.0926086154676174,-1.3907658337222126,-0.6843118880572803,-1.3907658337222126,-1.864447237592569,0.805897934799601,0.868592020502296,-0.048891114220169236,Drama
2.585837397647764,-0.030440427509735378,-1.165070113127387,-3.7706300132516697,0.2029488556605316,-3.7706300132516697,0.17000145605095812,-0.7569384809587935,-3.7706300132516697,-0.8746712404590458,-3.7706300132516697,-3.547641321276033,0.8542090888178866,3.5757247133282197,0.4146810538798346,Comedy
-0.6816354262483169,-0.5797850269822029,-0.6602744602990314,0.6339016118500835,0.9609277894782501,0.6339016118500835,-0.7829172822200904,0.07548212331225652,0.6339016118500835,0.9065498742493848,0.6339016118500835,0.6844243485303118,-0.4191161835831143,0.6339526718440611,-0.5472847138787654,Reality
0.021573182834302984,1.150514121926566,-0.04594140277391212,2.0304418706284197,1.0473216834865817,2.0304418706284197,0.22449354854909634,1.1542713436043963,2.0304418706284197,-0.04523961114573616,2.0304418706284197,0.32719694059712157,1.342585445380132,-1.6341572651006386,0.4199122811528996,Drama
-1.0616464417254476,-1.4577831795341039,0.630880666352524,-1.288289506846747,-0.00024536031499927934,-1.288289506846747,1.8430853865031853,1.6633500485137005,-1.288289506846747,-1.5425051526327533,-1.288289506846747,-0.3068375436649285,-1.4505746572701392,-0.5928315673672239,0.07056259194994778,Drama
-0.6726187726851309,-3.100946331193062,-2.276787466092042,-2.794983505410121,0.5494903924478657,-2.794983505410121,0.8621016600099097,-1.4974647741413853,-2.794983505410121,-3.85761564092223,-2.794983505410121,-4.155742215285443,-0.40597544549166886,1.5131156663694194,0.45663935345876994,Comedy
-0.8198270460953129,-0.1008076398901059,-0.034624415464765246,-1.69989655803698,0.7880546572137946,-1.69989655803698,0.4955077043688976,0.8138517442885361,-1.69989655803698,1.2985033969922999,-1.69989655803698,-0.8056221541578604,-0.49980602873185376,2.6738290115208105,0.727347915252351,Reality
0.8008604046135429,2.5339531809304536,0.5471120674391956,-1.5349362299137173,-0.00380201543108676,-1.5349362299137173,-0.08845702793397886,-0.3236426243746473,-1.5349362299137173,1.6004114998239842,-1.5349362299137173,-1.883728857209468,1.7511144827232659,2.517041983853622,0.2246271672141719,Drama
2.5294482064797243,0.19616622223664376,-1.0348174977439346,-3.5641655385522046,-0.3428035924328105,-3.5641655385522046,-0.8682634850067329,0.9039102237164381,-3.5641655385522046,1.3613407194163258,-3.5641655385522046,-2.0655608574853184,0.23136691385524355,4.862379365208821,0.3430371561113428,Drama
-1.8691938531954568,-4.131552533955106,1.0059987234227985,-1.4324985875151373,-0.22036083024369343,-1.4324985875151373,-0.6801783086438452,-1.1791225318903846,-1.4324985875151373,0.3139600351255032,-1.4324985875151373,3.6037119407036244,-5.257116572007118,-0.04238331004903985,-1.205730510109127,Drama
1.435208256864994,1.0667169006476425,-0.26213223369170424,-2.234501595010031,-0.5158216286593088,-2.234501595010031,1.6707608435004415,-0.731717709717773,-2.234501595010031,1.4718231892153142,-2.234501595010031,-1.5445805102992387,0.7014935359898062,3.3717147163178884,1.4363257848725213,Drama
2.080531362372059,-0.893988722045525,0.22733146272904192,-1.2234672374249824,0.4490355026741256,-1.2234672374249824,-0.7184442979584549,-0.6490334772382144,-1.2234672374249824,-0.7212227538870568,-1.2234672374249824,0.6973983619170243,-1.0788524784299205,-0.1728544999843236,2.402732041169152,Drama
-1.5493379345343528,0.5235938726143439,-0.24559223796327045,0.23517361921071112,-0.023143638518790876,0.23517361921071112,-0.0794683121601268,1.4415854907410097,0.23517361921071112,-2.055241990608261,0.23517361921071112,-2.6588105560764785,1.6039597014452447,-0.9764655248112244,-0.6163779645676535,Comedy
1.06797950192945,0.8623707291418491,1.9382845094895318,1.8753150765806001,0.38534221488837134,1.8753150765806001,-0.3981144326975214,-0.6323752276453161,1.8753150765806001,0.0875317849659708,1.8753150765806001,3.1619013337863002,-0.5361088910516454,-3.546645239774977,-1.046360628324852,Comedy
-0.39801974290749675,-1.1665447587107947,-1.1645699608412132,0.39788915356207055,-0.96728201742385,0.39788915356207055,3.1663599460985012,1.343054817598711,0.39788915356207055,-0.7495935000806346,0.39788915356207055,-0.3593438289491026,-0.14644167258872154,-0.004944708590334092,1.0202003093604348,Comedy
1.730040472056936,-0.49889209103595367,-1.2082321042075104,,0.9278033585867905,,-0.2723892855878761,0.8936049450846993,-1.973226584541425,-1.9699922704224777,-1.973226584541425,-2.7867116596557358,0.847040837252726,1.2042193089330588,0.04659242048419245,Comedy
-0.3232277063325728,0.6715881329005075,-0.23860771011850668,1.7335777385571804,0.5286760155229787,1.7335777385571804,0.9371936601920752,0.37753841683516026,1.7335777385571804,-0.43786399209065247,1.7335777385571804,-0.019877209740179258,1.115177712901641,-1.4926840878294674,0.19456167255162798,Comedy
0.84389376998833,-0.5176571899379356,-1.8099449819410909,-1.3996709785366335,0.7320163200843489,-1.3996709785366335,-0.21638637093225807,1.7695778486394347,-1.3996709785366335,-1.100591244736937,-1.3996709785366335,-2.79287635152008,1.0327220122957579,1.9934116645330149,0.30504379389506553,Comedy
3.351627600249607,-0.8410094280289133,-1.1438835624065344,1.527692891674545,-0.6876657152276404,1.527692891674545,-0.5647484725185042,-0.9270595913139044,1.527692891674545,-0.7295677645134597,1.527692891674545,1.9400909132344601,-0.09539143503570802,-1.7256747339229053,0.6096823340403749,Comedy
1.1316037672846442,-0.4648425717244977,1.1303050201750588,,-2.7060875176012487,,-1.4401730369882682,0.520785950675422,0.00270749243320223,-1.1379602535081275,0.00270749243320223,1.46187013321554,-1.0166810489144786,-2.1891202511696406,0.6028271315987319,Drama
0.22808081037693484,-2.7215124869936127,-2.173246474557642,-1.5088512881198017,0.9509082913402085,-1.5088512881198017,0.20286158676030946,-0.8494295424480646,-1.5088512881198017,-1.3716517352287536,-1.5088512881198017,-1.4119784374232156,-0.9913126306388989,1.8251487455937363,1.0800787434183077,Comedy
-2.4399342251956027,-2.538808229664746,-1.0552136996014587,,1.4724333329049937,,-1.1986884833825422,-0.7151885990275344,1.0046609966130862,-1.5377729952720478,1.0046609966130862,0.22635414080373864,-1.2882933999560209,-1.1746839034138472,-0.5158613159607723,Comedy
0.7555652527612349,0.9277893130546617,0.9052299082443689,1.4312227143358731,-0.9355207485661433,1.4312227143358731,0.05686566708006856,-0.10226680522693568,1.4312227143358731,-1.5596513442324667,1.4312227143358731,0.4476083520944373,0.8778420189001167,-3.2042943860224353,0.14387727312260068,Comedy
0.49037008885208266,1.7781647662510838,-0.23333446195260388,-1.1161078252603887,-0.23887606296314728,-1.1161078252603887,-0.012106780563364184,0.9124559945842222,-1.1161078252603887,-2.1679360128931204,-1.1161078252603887,-4.162822479133638,2.835422231730317,0.13646599678792157,-0.3994694165821655,Comedy
1.2541584781778856,0.9434316378792463,-0.4693174353660197,,0.46151903048414095,,0.483600460577516,-1.5996712616576565,0.8093695073134153,0.6765557678917389,0.8093695073134153,0.16661219455212403,1.0499494343876303,0.1338495621374604,1.923061090981935,Comedy
0.00531517108590196,0.818476637587871,0.4218034111129866,1.2138668522640552,-0.22768105847702416,1.2138668522640552,-1.2362824389477312,0.5820224144045593,1.2138668522640552,,1.2138668522640552,-0.5880324287974438,1.231330453981352,-2.5573087538455073,-0.6327296295027613,Comedy
-2.6233154522010897,-0.33867678317700023,-0.8314781110963405,0.7536809861226246,0.17796460538417644,0.7536809861226246,1.118919382940806,0.17249175489132257,0.7536809861226246,-3.673974737536035,0.7536809861226246,-3.50290734129549,1.7377428959999763,-2.0357890483764134,0.9516330560380792,Comedy
1.5020538585912337,0.8057709345895065,2.5312699313119955,2.207162381436977,1.3981170744177698,2.207162381436977,-0.7298376851328231,0.8863090095379048,2.207162381436977,1.1621406261953635,2.207162381436977,5.00046605468335,-1.4335305603745343,-3.781221068649644,-1.0340039610455487,Comedy
3.4475424517653694,0.9433895694199126,1.620919024058741,,0.8898766151953964,,-1.2318257346327144,0.669497077716935,1.805133394008288,1.5959863558627287,1.805133394008288,4.751127695118345,-0.9406754006644951,-2.5801255068231206,-0.5169594505406058,Drama
2.138048189420334,1.8968041282974655,1.9589426981063105,1.4775278775662124,-0.38092817136611445,1.4775278775662124,-0.8809734881587847,0.12685502414932565,1.4775278775662124,0.3842777416119001,1.4775278775662124,2.4690912923831894,0.39344957917463047,-2.933274509607016,2.2122638711109306,Comedy
2.128197500619617,-0.3537593424832706,-1.4558987277796205,-3.8448289359763397,-0.5452980200180876,-3.8448289359763397,0.009095314611008015,-0.48316155489730256,-3.8448289359763397,-1.5264813891857174,-3.8448289359763397,-4.204790206854925,0.9721407709276323,3.480694748518612,-1.0611100387941788,Comedy
-1.1926017591354372,0.7365030736753355,0.5568535198521537,-1.4450721459270761,1.256551571256015,-1.4450721459270761,0.0072460899362935555,0.7545845286693889,-1.4450721459270761,-0.8430315445987913,-1.4450721459270761,-2.412763910388144,0.7834722854477273,0.6783157783651973,-0.1345586089276152,Reality
2.016088324470594,3.101052483122192,1.2227474058851784,-1.4685194015216376,-0.6558795968711274,-1.4685194015216376,-0.6682136508847892,-0.36933686568619933,-1.4685194015216376,-0.2185647234768796,-1.4685194015216376,-2.3327228952180614,2.432587773007511,0.46948884882665043,-0.5474255582820055,Comedy
2.8147988521672973,1.5693256417905916,-0.7340000409893376,-2.476507761646903,-0.4188985976719982,-2.476507761646903,2.3727566726661014,1.6526603357701353,-2.476507761646903,-0.9607417158801266,-2.476507761646903,-3.6994528603101138,2.3363011989442097,2.2330691214834606,1.1197440939623293,Comedy
2.138130445246926,0.7919154704995716,-0.8062304353530795,-2.633428716720197,0.11787487653378197,-2.633428716720197,-0.604564351977051,-0.2703499238068073,-2.633428716720197,-0.915207475659745,-2.633428716720197,-3.3656513825288186,1.5677268313759178,2.4189542392482584,-0.5800450962319759,Comedy
2.283342761612486,-0.20976197239782443,-1.5572672790492295,,-2.442567707532466,,-0.9676723417887234,0.7753880783920732,-3.5120280498119385,-1.76881024855765,-3.5120280498119385,-4.2858435328398885,1.2810385478950943,3.0996780085162987,-1.455790740788272,Comedy
-0.016269322481471393,0.6549018344437755,1.1214873084244248,0.8300874495388553,-2.2021485316879565,0.8300874495388553,-0.2370009593050902,0.16331220093275137,0.8300874495388553,,0.8300874495388553,0.7677457150648144,0.1308208836757082,-2.082830920375936,-0.4409358301973299,Comedy
0.02687732013347688,0.3783996534292778,-0.42955048151270875,-2.6798802745901966,0.8780097854756378,-2.6798802745901966,-0.24211839959086162,0.9173546890377922,-2.6798802745901966,-2.1878327880218116,-2.6798802745901966,-4.361049704910102,1.4571325658511438,1.5349735153670163,-1.3093995725000593,Reality
-0.9334198552486044,-1.4134744775716106,-1.3280160139359596,,1.2020110594939628,,1.1253946796887337,0.15229175149862895,-0.788728033040315,-2.6642108190970353,-0.788728033040315,-2.690118373817382,0.39919279833195964,0.0009186925192067668,0.8556737773485849,Reality
-0.29195783265948805,-0.5327412372598184,0.9679905864626958,-1.902281654209951,0.6254036756880408,-1.902281654209951,-0.809218613567096,-1.1676451929710208,-1.902281654209951,-1.2220217454504596,-1.902281654209951,-0.8440911600885862,-0.8565214692311777,-0.026559830989171276,-0.5056570230166488,Drama
0.4723657648685008,0.765711081953093,1.3583415249646817,1.7804108536420111,0.6623643932019012,1.7804108536420111,0.5454990286069368,-0.32776484157807334,1.7804108536420111,0.14480878731702373,1.7804108536420111,2.341761817571793,-0.1987603321636403,-2.7774604164868126,0.1605309038644383,Comedy
2.221667113202058,-0.3198352325772883,-2.367584408126095,-1.6448497842712981,0.6025504081743719,-1.6448497842712981,-1.0189613654365002,-0.69135115603483,-1.6448497842712981,-0.4173212543792171,-1.6448497842712981,-2.7085912839028214,1.2980234992174107,3.0078046026595966,1.5125301445463037,Reality
0.7463312341668487,-0.33028937074190123,-1.3716095148684575,-0.9182614987301791,0.10637347357425488,-0.9182614987301791,-0.24991107716446812,0.09531446592387201,-0.9182614987301791,-1.2650208234658966,-0.9182614987301791,-2.298886039800477,0.9958111337904331,1.0736010898675237,-0.6503664521851856,Comedy
1.4614151695896371,1.6083630899010066,1.580026687380434,0.5071787562325274,-2.165856957226972,0.5071787562325274,-0.22679320502251238,1.7952109178026854,0.5071787562325274,0.33853803995668286,0.5071787562325274,1.2683543167735982,0.40564491250239443,-1.625848350057678,-0.47961702578272913,Comedy
-2.2710366086036387,-0.9508729139126527,-0.7823039008279002,-0.08411218120387465,-0.968446898984637,-0.08411218120387465,-0.18269462291530328,-0.2973540509921617,-0.08411218120387465,0.18691406526261145,-0.08411218120387465,-0.8135866454178712,-0.3693204585622525,1.1502589091918893,-2.3383933066602918,Reality
1.5994434613887958,-0.9205920776417574,-1.3557519047636726,,0.6194057625850795,,-0.00978585389940747,1.1250260524135003,-2.743067824148813,-1.6919134005110599,-2.743067824148813,-2.9871182794220834,0.3908234104227148,2.1866786183486773,-2.0328863599367257,Comedy
-0.47758810196828017,-0.9489139042570529,-1.4402870561469383,-0.25463535416086336,-0.06581444450556902,-0.25463535416086336,1.157810486830909,-0.13993484716330526,-0.25463535416086336,-1.6360029795772824,-0.25463535416086336,-2.000876223113905,0.6011100721617717,0.3351501997817164,0.6088079927581918,Comedy
0.8358462572072145,0.07670903670398652,-0.9531314702294775,-1.0839957352831477,-0.6431098230661485,-1.0839957352831477,0.15855165540026847,1.6213077243644245,-1.0839957352831477,,-1.0839957352831477,-1.470636982643228,0.6425699553612074,1.8802412904509018,-0.5303310934675751,Drama
0.5028631980559756,-0.2098397723369303,-0.6956428241778442,-0.265851561722119,0.00022291141090615644,-0.265851561722119,-0.3785015128046386,-1.1939910103700637,-0.265851561722119,-0.7654175625142376,-0.265851561722119,-0.9873666792231891,0.4946515689476592,0.23496474258555,0.4864974159280446,Comedy
1.5558116468492473,0.19630644528115296,-1.2627880735901276,,0.448481590167841,,0.5811539165496615,0.3421410011520987,-0.7472745388400666,-0.6859684416896803,-0.7472745388400666,-1.8560868786631568,1.231565612934899,1.181597621063031,0.5789167983004024,Comedy
-0.15554384212408956,-1.5739773285428003,-1.816368499836915,-0.14871244326800603,1.2710547736440416,-0.14871244326800603,1.5931427525303206,0.15363557488711152,-0.14871244326800603,-2.0733379741513964,-0.14871244326800603,-1.7948200264056808,0.312297305614541,0.07200185907859935,-0.4340643003890546,Comedy
0.5783197411629668,-0.3487096594214755,-0.7488120999730012,-0.7599315113567829,-0.8535972944802088,-0.7599315113567829,-1.2170879135621997,-0.8663637580085262,-0.7599315113567829,-0.7955793120674427,-0.7599315113567829,-1.2721431083471544,0.37776351056240887,0.6847010084337927,-0.05640977845300169,Comedy
1.6474484764461663,0.16039110996747166,-0.5688493719233153,-2.2265887700363045,-0.8512178932167138,-2.2265887700363045,0.5335224381124735,1.225183942592494,-2.2265887700363045,-1.278007728259785,-2.2265887700363045,-2.5931263420592785,0.8732866894082085,1.4958089891122102,-0.4850392281130659,Comedy
342.9762376435786,0.2676272953793459,-2.160986809368687,-3.081075311160509,0.45105618894701494,-3.081075311160509,-2.560432597836564,-0.759100538455393,-3.081075311160509,-0.813408725214453,-3.081075311160509,-3.940172019672387,1.8196330262061948,3.816916116516427,0.6971513224662796,Comedy
2.1828005625698976,2.8631416235484464,2.3260248333777582,-0.10335436365904549,0.011711508790925963,-0.10335436365904549,-1.2290445432884956,0.010133717645843563,-0.10335436365904549,1.6651322444090784,-0.10335436365904549,1.4477232894286018,0.7189523022574972,-0.6661346100485271,-1.0421646683662646,Comedy
0.34445762370464533,0.26920594374949897,-0.2396989454486843,-0.622701252432265,0.23926845300818533,-0.622701252432265,0.05860911668257383,-0.721535896386268,-0.622701252432265,-0.9530168763496281,-0.622701252432265,-1.4831168088635625,0.7682427410476497,0.16292563569877666,-0.7125890142996226,Comedy
-0.10578397365889514,0.29136406689616384,0.3330560483142059,1.292770164328617,0.3250484815376831,1.292770164328617,-1.6378378135901488,0.9254575047154994,1.292770164328617,-1.6690641485946887,1.292770164328617,-0.06302452261965084,0.6940834235150436,-2.598791825291881,0.19076944626360984,Comedy
0.6379650301957773,0.777017335226369,0.005792185118332016,0.9050997936252736,0.003236735231203844,0.9050997936252736,-1.3698983212666223,-0.04781023731051973,0.9050997936252736,2.3629384797683457,0.9050997936252736,1.7248225870149463,-0.017597005423504508,0.8312601724313203,-0.4061496681176805,Reality
1.4356347908438827,-0.047974742537465594,-1.413946356993813,-0.7891248910249904,0.0015761643740409747,-0.7891248910249904,0.13797708322915767,2.112855837721761,-0.7891248910249904,-0.7929349137782351,-0.7891248910249904,-1.9167654042134135,1.1178510890158297,1.2532153579553396,0.7949997592398393,Comedy
0.32196539696049475,2.0925151100477795,-0.6664708371080426,-3.498207859770882,1.6472386576626779,-3.498207859770882,-0.0003135931130094803,-0.04614191800684178,-3.498207859770882,,-3.498207859770882,-5.37208346995916,2.643185549449292,4.547708888385585,-0.1726677131908579,Drama
0.5513140749306153,-0.13146898751684857,-0.5933674983861135,-1.9189347717762535,-0.7612385336022339,-1.9189347717762535,0.1406100257931584,1.1976891152712426,-1.9189347717762535,-1.5640759844726018,-1.9189347717762535,-2.757600402250591,0.7620044857168976,1.168695789373899,1.095045376518069,Comedy
2.2609908720537293,0.6601405517916616,-0.6064406232988768,2.750079907219451,-0.9208979140271276,2.750079907219451,-0.8495892538102299,0.46426040578583716,2.750079907219451,1.4376855811161469,2.750079907219451,2.799709301952282,0.5141989727653794,-1.32028637450548,0.6011576770320904,Reality
0.8209505583102852,-0.34015578192247037,-1.1260714072609046,-1.583155432004682,0.9712665412966434,-1.583155432004682,0.05854953674132593,0.9664412454365965,-1.583155432004682,-2.0103840034151004,-1.583155432004682,-3.0011142592877618,1.0552796207713735,0.9429194409355949,-0.12423146163633438,Comedy
-0.14477997085885175,-1.6474916909929014,-1.7586723107311748,,-0.6814597661228702,,-1.1937142851481084,0.7406024026086223,-0.8334685765952027,-1.9807214000518922,-0.8334685765952027,-2.1316018539325627,0.14708488946962983,0.7111266039501938,-0.18723640332527877,Comedy
0.07785847425336445,-1.3497087490876907,-1.53561676321435,-0.9920088132087203,-0.059251037514202035,-0.9920088132087203,0.8632813515485354,-1.2823230337664373,-0.9920088132087203,-1.59305990481222,-0.9920088132087203,-1.9806871126761287,0.15839297478487346,0.9485077161029591,0.134490294779359,Comedy
2.9052193855494703,1.5789486347446722,2.7533125539190015,2.3867899537077775,-1.8169067072830685,2.3867899537077775,0.8876637723553894,0.6681348416389724,2.3867899537077775,1.2458532708480277,2.3867899537077775,5.262764690400883,-0.8809211070306509,-4.182609151835443,-0.4554089318194826,Comedy
143.04518598114873,0.9938981084095714,-0.718048397580628,-0.3688543912785009,0.42983712918656797,-0.3688543912785009,-1.8009785354087606,-0.2367209173687616,-0.3688543912785009,-0.06847789390087355,-0.3688543912785009,-1.477116465256421,1.516511997845956,0.9540910437176833,-2.563892920045927,Drama
2.2209390375188995,2.75359107050723,2.5182785420665454,0.4475343702646006,0.00027133591078992594,0.4475343702646006,0.7101708004459386,0.753725657974989,0.4475343702646006,0.9927104914155669,0.4475343702646006,1.7816684864103498,0.7005986958317775,-1.8686250277813923,-0.82135929595942,Comedy
1.1967459956017905,-0.049388113562018415,-1.356682953516111,-0.3182236959708164,-0.9470867265065785,-0.3182236959708164,-1.0047924033818343,1.4421768867053593,-0.3182236959708164,-0.05971521134011337,-0.3182236959708164,-1.1194724409153671,0.8428179146366479,1.3020821421827482,-0.9927557779091553,Comedy
0.6919708462930236,1.01056960702424,-0.43753193938233664,2.1160157085644498,-1.1509065832894931,2.1160157085644498,0.01830984516845715,-0.325840572823498,2.1160157085644498,1.2241745140866127,2.1160157085644498,1.2556507825891166,0.9712840198992182,-0.6352745682971216,-1.004761722540214,Comedy
1.352912212154074,1.7598904504751054,1.2899239848538233,0.6229264614070675,-0.13282623970201687,0.6229264614070675,-1.64377552304211,-0.16331303143311512,0.6229264614070675,-0.04611667356152216,0.6229264614070675,0.5969909110870526,0.9269798786220349,-1.6673560561540222,-1.1074773268281934,Comedy
-0.10326269890950446,0.9438738559645239,1.1443611092234367,-1.0239495965931142,1.8669043696448535,-1.0239495965931142,0.02411335306721148,0.22084412131955677,-1.0239495965931142,-0.7962533622739836,-1.0239495965931142,-1.1504528254408501,0.4908707597282399,-0.40389502346633727,0.8715229653481377,Drama
0.5711312863684834,3.2791661556334772,0.6395201989172425,-1.0144651456373552,-0.025265858053147856,-1.0144651456373552,0.23802751229918373,-0.020360655916466294,-1.0144651456373552,,-1.0144651456373552,-0.8038528447103749,1.7384296199960065,3.7169183421669865,-0.27587710494033213,Drama
-1.056419565585241,0.7996105318980276,2.3623899447616616,-4.229574810247399,-1.8266527243635664,-4.229574810247399,-0.508892920334043,0.9721139537658162,-4.229574810247399,-0.21815289487787592,-4.229574810247399,-2.3032218550787875,-0.7148857844503811,2.0336335118239264,1.3942999337983812,Reality
1.1170382754637245,2.7774698549430044,0.8143510046353765,-1.1744598906608623,0.911190010369561,-1.1744598906608623,0.4930431419846613,0.1207610261065972,-1.1744598906608623,-1.6089897507912005,-1.1744598906608623,-3.502789280380786,2.934943050091893,-0.2873065711216993,-1.1370014680139051,Comedy
-1.467530836608576,0.29402051393396994,-0.5947974293458561,-1.5839000641004837,-0.1283113809579714,-1.5839000641004837,0.9850103387236416,-0.47535526349785234,-1.5839000641004837,2.806293535965386,-1.5839000641004837,-1.0395591959076345,-0.13797038118915927,4.35447117736529,-0.5535033613795505,Reality
-1.5749521366813106,-1.8707230773359382,-0.6330164221475598,-1.394695790270642,-0.932618751886159,-1.394695790270642,3.551269529633589,-0.512172012467078,-1.394695790270642,,-1.394695790270642,0.1709072262958279,-1.8785826480059373,2.506399225234145,-1.4370992480497362,Reality
-3.0663379289136223,-4.163533096159498,0.6522750513942023,-0.7497794928326307,0.35944797799487194,-0.7497794928326307,0.09227013859859357,-1.1393088244079024,-0.7497794928326307,0.6635172755713366,-0.7497794928326307,3.4803692862022224,-5.055313219654615,0.1073576540616765,-0.5071228623795576,Drama
2.729111052959128,0.8628441571608697,-1.0397616564573364,-2.511569339231731,0.49376256578981015,-2.511569339231731,-0.4566499949643852,0.39684407619089623,-2.511569339231731,-0.08796393240008538,-2.511569339231731,-2.784910023598025,1.4773657303889285,2.9972343936549164,-0.23008054581976012,Comedy
1.1796889699855968,1.4873982051219723,1.6895194069691903,1.0234456328800647,0.9619354409689275,1.0234456328800647,-0.969457581409952,-1.5815458842162846,1.0234456328800647,-0.5141107921512584,1.0234456328800647,1.236940107329202,0.5228632389203818,-2.7823392056763026,1.797617743272575,Comedy
0.4863856125918179,2.105737922587102,2.0391251495482865,,0.8880933115780208,,0.008159398676366258,0.11023698851061972,-0.22610875440624145,1.0850608723884216,-0.22610875440624145,0.6903854650492363,0.42923182289707074,-0.5385168023400552,-1.7226843389029094,Drama
1.9486995853875182,0.8752948260718165,2.5422156300159253,0.23539839776808646,-0.5898959595548023,0.23539839776808646,0.5082151917192099,0.39982752849983105,0.23539839776808646,-0.7359809314295804,0.23539839776808646,2.3638436741731894,-0.7599029269178031,-3.293994034699108,0.21081224884847102,Drama
-1.6514156013288093,-0.0034673176201336186,-0.03254214373321729,0.5946175389925629,-0.8114920166963459,0.5946175389925629,0.012463817727551953,0.9908366805859495,0.5946175389925629,-2.311094312867602,0.5946175389925629,-1.811661667114271,0.9727245328629094,-1.806911519735178,-0.7844616604746563,Comedy
2.91248009261649,1.9148595645023248,2.113633611870534,1.4965693586874433,-1.2984069989971092,1.4965693586874433,0.7597182516922777,-0.02437545639722446,1.4965693586874433,1.2311896687858288,1.4965693586874433,3.529899120206635,-0.05767583285096345,-2.6597238192582577,-0.02167211611566561,Comedy
0.5027831484752943,1.3016126644041228,0.577952230944287,-1.2663119565900032,-0.3130689532779243,-1.2663119565900032,0.3599767056315862,0.6906512854373761,-1.2663119565900032,0.5714928777196895,-1.2663119565900032,-1.1512589415365764,0.7600725137907721,1.2757038076294087,-0.017853262644538927,Reality
-0.21421828911425034,-0.40426765544434956,-1.063401777245204,,-1.8521269545898207,,0.9537944723113508,0.23249813269008957,-1.241490732001696,-2.817714739963475,-1.241490732001696,-3.5943191090586852,1.3110590962333801,0.1871382081174234,-2.345708842248594,Comedy
0.7159273565820925,0.5357986185543622,-0.5558033618890341,-0.007347862812702388,-0.5063241695055971,-0.007347862812702388,0.663717143196538,1.337154044097212,-0.007347862812702388,-2.113026863381855,-0.007347862812702388,-2.190359212972235,1.6759085785457555,-0.9259817948673359,-1.2196447719426695,Comedy
-1.8293570246124438,-2.673377124650987,-1.5896115710505823,1.1746306914901348,0.13140200209355563,1.1746306914901348,-0.7608408032887561,0.5788611130672665,1.1746306914901348,-1.5710543747872374,1.1746306914901348,0.1958362458906764,-1.0869321507033047,-1.0044379827186558,0.21985201609691968,Comedy
1.1167557280325004,-1.0358069427674315,-0.6387259259875305,-3.620357138774489,-1.093165039169153,-3.620357138774489,0.849932539548515,0.8589590059208743,-3.620357138774489,-2.502437786007441,-3.620357138774489,-3.5466757863905514,0.05957036138671323,1.8479133853128062,0.3664072573750846,Comedy
1.9466239539543004,-0.22235227736978908,1.1980217609093333,3.4505939129766565,0.6766397358365916,3.4505939129766565,-0.47402315386461286,-1.0570281495997835,3.4505939129766565,-0.6336546698968524,3.4505939129766565,4.693771979785835,-0.9944163266960753,-5.277581923589822,-0.9502855796203539,Comedy
0.747380747747098,0.9572889806502131,-0.009420636667714533,0.6587402190097291,0.8934514233877554,0.6587402190097291,1.1916098672095137,-1.1273212208152517,0.6587402190097291,,0.6587402190097291,0.13765616556009327,0.8536068389114607,-0.2153337840344338,-1.6464929923588454,Comedy
2.0737623300054633,2.189929093900891,1.9549999565801321,0.9968393936881919,-0.000996853884463651,0.9968393936881919,-0.1055667352662352,0.7396604519905866,0.9968393936881919,0.3580360199097006,0.9968393936881919,1.733184850171291,0.7272388953157527,-2.405798482715629,0.4878443440379787,Comedy
0.13982486778889347,0.7462887961825958,-0.29940796309654294,0.3762870589908589,-3.0833331323007775,0.3762870589908589,-1.0714503228567214,-0.03308500482656785,0.3762870589908589,-1.0683289401060458,0.3762870589908589,-1.426732001857272,1.4074493411508318,-0.6506388745272735,0.2117976013482533,Comedy
1.0803218347937942,0.12171899586204918,1.6883693506727797,-0.3177604910826938,0.302999425210195,-0.3177604910826938,-0.35372858062316986,-0.36065543149239176,-0.3177604910826938,-0.9743025985211704,-0.3177604910826938,1.2658858495863952,-0.8297139005462271,-2.144545019242003,-0.38221867229892464,Drama
2.6583550542732417,1.8791299015654221,1.5748273777789519,0.8671109217325687,2.3387286062144503,0.8671109217325687,-1.07548278797654,0.14001327256765622,0.8671109217325687,,0.8671109217325687,2.257992046878523,0.37319681699406243,-1.6498279574380117,-0.29922964782144507,Comedy
1.6050985006846146,1.0643274398396225,1.213746464423369,1.5235959323073973,-0.20323613549521757,1.5235959323073973,0.9385926172378448,1.1380875484082722,1.5235959323073973,0.239497806345369,1.5235959323073973,2.254066046597279,0.10673720538521825,-2.4756671558174372,0.7513659644436188,Drama
3.4022088724610793,2.123537693247975,0.9265654792707242,-0.02104048512865453,-0.13851007716647287,-0.02104048512865453,1.3867209578951727,1.3500923206907802,-0.02104048512865453,0.25878461036416556,-0.02104048512865453,0.46103966903759774,1.3089169157630263,-0.806694137954499,0.2509487834786322,Comedy
-1.238772611969803,-0.553528725296133,-1.4173303631277696,0.7087438419014717,-0.9020365269079322,0.7087438419014717,-0.6140168978687429,-0.90678702189971,0.7087438419014717,-3.4304044901085238,0.7087438419014717,-3.1398165516014513,1.7252992592314715,-1.5913800038519113,-0.7621103423876356,Comedy
-0.6684398827460328,-1.268887225333643,1.2223945070148818,-5.08612867525386,-1.576015940690422,-5.08612867525386,0.15184749844836043,0.038879573802314014,-5.08612867525386,1.778958620960114,-5.08612867525386,-0.5457306287513102,-2.9187350556737313,4.711304002482239,-1.9165653867846661,Reality
0.7622963376460095,-0.09805570743794219,0.3743879471114358,,-0.1987778289680596,,0.41748797150127204,-1.4605661308955038,0.044099950327479376,-0.8558093786534751,0.044099950327479376,0.3274832088926909,-0.1372912771748167,-1.156487811286573,-0.5419175580801601,Drama
0.8306045954142792,-0.2615292709840543,-0.7708960611463078,1.3605174808340093,-0.4875431926184994,1.3605174808340093,0.17034518046916106,-0.3704794846528907,1.3605174808340093,-2.432461102065457,1.3605174808340093,-0.6591646741299843,1.0735727795807817,-2.4617240777001617,0.6614812746009738,Comedy
-0.33516806805195487,-1.5942246802695064,2.198428734640921,-0.6479533072596393,-0.18095198609264876,-0.6479533072596393,-0.23548037454779008,-2.9316416271310777,-0.6479533072596393,,-0.6479533072596393,3.4097144635153964,-3.3694324594310023,-1.702796313925427,-0.3141960333674379,Drama
1.8782995235765712,-0.0717892406707353,-1.865200807698292,-1.3841484058545765,1.0662790008490166,-1.3841484058545765,0.7700546835744349,1.4178821364321608,-1.3841484058545765,-0.5205111146228218,-1.3841484058545765,-2.4573331396774543,1.2771054183282327,2.3416132980764472,-0.2245060511451007,Comedy
-0.6212448144092695,-2.7667872398010163,-2.2105361051571815,-1.1804053930296083,0.19361395858410144,-1.1804053930296083,-0.39309879729577674,0.7586032205515321,-1.1804053930296083,-2.287455252473494,-1.1804053930296083,-2.125713222507985,-0.6197779339812213,1.0707283294267518,-0.27698860456976176,Comedy
2.8612561243115726,0.8051009671223308,0.04388170528062196,0.5883895932213881,-2.4375505839222114,0.5883895932213881,-0.9812973962317652,-0.39667799758511657,0.5883895932213881,0.020202674345465188,0.5883895932213881,0.9891782625745171,0.6268282044619006,-0.9378573157520393,0.750851385476437,Comedy
-0.284405218518444,-1.8303004588188527,-1.1922365964952004,,1.0742663538913928,,0.32964425003406483,0.14830841934425038,-1.475428097414083,-2.533423828511874,-1.475428097414083,-2.2701415856894385,-0.2652696935411627,0.385862772003512,1.7204516792786968,Comedy
2.598879220074693,-1.883506465005353,-3.000421748787046,-0.6846061105156296,-1.3027232454371127,-0.6846061105156296,0.31072259868785035,0.6462652386005561,-0.6846061105156296,-0.7489840090908733,-0.6846061105156296,-1.024298646980875,0.12955912237426026,2.004977330846612,-0.27387540607783595,Reality
1.5702474068675913,0.13947879658007592,-0.7012137971848112,-1.043665893547443,0.030251045383249745,-1.043665893547443,0.3848021620402813,-1.429585955162474,-1.043665893547443,,-1.043665893547443,-0.8413574731187147,0.4383931850824594,1.5433206555796073,0.22998955308636881,Comedy
1.0120795713775137,-0.057552120776267444,-1.664800899592929,1.7884301779923544,-0.3643593694922756,1.7884301779923544,0.07653745413319028,-1.6917527532343932,1.7884301779923544,0.6004498356118027,1.7884301779923544,0.5657795132008201,0.8667591802341714,0.0807854976518077,-0.2761832420999456,Comedy
-0.538177485546633,-1.1576670441668124,-1.245759755763762,0.486132268290979,-1.848413429545749,0.486132268290979,0.1055070480599702,-0.412550014109879,0.486132268290979,-0.41464562416055906,0.486132268290979,-0.2323236786918725,-0.18353042199555125,0.24781710262582812,-2.0332751981964767,Comedy
2.812080247181683,2.33891570396511,-0.6197175147394256,0.11542326715401308,1.478688470084528,0.11542326715401308,-0.9912802047164049,0.8765511875844311,0.11542326715401308,,0.11542326715401308,-0.4426992905687859,2.1029149313020383,1.879972037353137,1.47026803561606,Comedy
2.8834224594009363,0.5990980001145456,-1.374477140407363,-1.395858317686759,1.4237337425316166,-1.395858317686759,-2.410067823322953,0.8301436421523242,-1.395858317686759,0.3230453330219405,-1.395858317686759,-1.6465750574501892,1.285801761096785,2.441890455817451,0.35605557026798795,Comedy
2.2964835731296365,3.386900406624223,0.7522979114219885,0.15669464232293673,-0.005323366182141761,0.15669464232293673,0.8578087342195349,-1.9865900826054732,0.15669464232293673,1.5257410037182602,0.15669464232293673,-0.5919166968827381,2.472423286138701,0.5886039263662165,0.6968868448747373,Comedy
-0.5859371765318993,-1.9211320033574508,-1.0604463959453758,-0.5425854844279969,-1.3285924098804476,-0.5425854844279969,1.6231319543183216,-0.1665294871637902,-0.5425854844279969,-0.9920636325982788,-0.5425854844279969,-0.4432509776506455,-0.9653616545795454,0.4714706497616186,0.8093952035793092,Comedy
2.1305444711962043,-0.5746419082442598,0.40652064191345405,2.0180479360967576,0.24876005388848718,2.0180479360967576,1.880945377851212,0.6148272806498328,2.0180479360967576,-1.520747000986175,2.0180479360967576,2.611055805103701,-0.535103191899428,-3.9015068541503157,1.8273886763549487,Drama
0.7204230754088622,1.5969517092273595,0.7769840261370851,-0.5963184663920105,-0.17859522202415806,-0.5963184663920105,-1.1426505665903461,0.3530552711735983,-0.5963184663920105,-0.5812338479560093,-0.5963184663920105,-1.3684471787717891,1.3391198709758736,-0.31079581870244916,-0.8028078983159518,Comedy
1.1649846940671604,-0.8570890386316498,0.7038848288632937,-0.9488690152994597,0.6244622196046704,-0.9488690152994597,-1.3232940850521475,0.17977725308614198,-0.9488690152994597,-1.80882486151091,-0.9488690152994597,0.25532998608461194,-0.9216587384723423,-1.4474549313578349,1.0418397752618713,Drama
0.8754444882783052,-0.768358915157138,-0.26517782623925146,0.4569244435085884,0.0019768273775974633,0.4569244435085884,0.5864848005830505,-2.405924788133374,0.4569244435085884,1.0638080714524398,0.4569244435085884,1.9727693009123772,-1.094029929412668,0.1892923077983198,-0.10611315216300903,Drama
2.204001491513929,1.8946177614966713,0.33221649861058244,-1.706900009992835,-2.825465346208419,-1.706900009992835,0.39613322501552484,-0.8182164705108976,-1.706900009992835,-0.5486428205031221,-1.706900009992835,-2.323455245344549,1.8418039516821405,0.9753258066799112,-1.4326425493941914,Comedy
2.564840328564115,2.2943574628061536,2.8437978838746334,1.3850848423032933,-1.3110158249210395,1.3850848423032933,1.0836154369333482,0.42545751242668195,1.3850848423032933,1.70648252656717,1.3850848423032933,3.9623890601650924,-0.30575041374946355,-2.7563881639018564,0.20301574555592633,Comedy
0.09710894299575568,1.428685814795981,0.04827041544048816,-2.4407560094389242,0.18741674291918928,-2.4407560094389242,0.048572958185549846,0.594631300235011,-2.4407560094389242,1.9206994728838997,-2.4407560094389242,-2.0809170956183958,0.8237925222643677,3.930710875397708,0.5174760248858512,Reality
1.2290984666157252,-1.5031326445304543,-0.13760613416137613,0.4280686006654364,0.4809891043915804,0.4280686006654364,-0.7417338317885782,2.5308423818304178,0.4280686006654364,,0.4280686006654364,2.502378913550633,-1.7454093961005759,-0.7010499027900302,1.0790567795887571,Drama
2.3106244547806716,2.9069148807623706,0.04849965658435795,0.5667281608080006,0.7382820852313109,0.5667281608080006,0.1400476792445631,0.95684573160253,0.5667281608080006,-1.1248341368805077,0.5667281608080006,-2.2148593286936533,3.386349744295684,-1.0809269836193272,0.5143272114574842,Reality
0.7134030208824388,-1.2139863154643857,-1.4208231481751152,-1.6759603936956133,0.5031633459957572,-1.6759603936956133,0.5695910756466253,1.9841397526508187,-1.6759603936956133,-0.8745049587876756,-1.6759603936956133,-1.785245762664265,-0.08753731873796988,1.8951755925308527,-0.5843677351936934,Comedy
0.2315406747252473,0.11125529253311164,-1.2405758067083794,-1.8327267815903487,-1.6619743124367674,-1.8327267815903487,0.3190790398774157,-0.03870031966063856,-1.8327267815903487,-2.1607981055984333,-1.8327267815903487,-4.157679264308416,1.7320312302642564,1.410659922787707,-0.13306331602981003,Comedy
0.6925247837144393,1.6510415861638759,2.1008977185265705,-1.1342962257157798,-0.19969553204006138,-1.1342962257157798,0.09440991968015211,0.5323565983394106,-1.1342962257157798,0.3601808922243242,-1.1342962257157798,0.14190463573193182,0.10970664408475994,-0.3860778256661993,0.6946217448804298,Drama
0.39155183455304765,-2.333648608415399,-2.2475467739698463,-1.5823653976111642,1.604459861217854,-1.5823653976111642,-0.08714776236557889,1.4733609961146479,-1.5823653976111642,-2.0333100689161343,-1.5823653976111642,-2.306974257978542,-0.29186169176099064,1.5748604610355517,0.5050908519006538,Comedy
-0.09118028547181489,0.9066061061325343,-0.2527459075745211,-1.6484145068482425,1.8092366801403408,-1.6484145068482425,1.7624365435397678,0.16879529767419765,-1.6484145068482425,1.5301309561158445,-1.6484145068482425,-1.5662102838942127,0.6282243858698983,3.1007716904717375,-0.09601898261173235,Reality
2.9313969062734184,2.0063319183412873,0.04910920797838747,-2.7172001531912935,1.7208850255344703,-2.7172001531912935,0.7005226248381193,1.290302862269025,-2.7172001531912935,-0.07662562979189447,-2.7172001531912935,-2.896488518535184,1.9307486307755788,2.415164382124622,-0.6269868687507288,Comedy
2.2286465257246935,0.44810447249174795,-0.010612401246487213,,0.039032630344464234,,1.3992173668989705,1.538002843899645,-1.5783395938191682,2.1187696613450253,-1.5783395938191682,0.6658514539466045,-0.44362381712775356,2.6489534849392595,-0.8682481161933396,Drama
1.3028851613560497,-2.21512628321343,0.35937578395170655,0.01074823140007597,0.3227192493500081,0.01074823140007597,0.01873109172567481,-0.3583864293151455,0.01074823140007597,-3.2372150316507966,0.01074823140007597,1.209364775031579,-1.6662668928862774,-3.380048499773612,-0.6591715614238062,Drama
-3.915568857082752,-1.4014905347265372,0.7306377653225176,-1.5330211768005282,-1.7084839573985746,-1.5330211768005282,-0.2256579889061313,0.39025585596172646,-1.5330211768005282,-1.9491676487332386,-1.5330211768005282,-2.0220007870079657,-1.0915623146161129,-0.17049786038561932,0.8706267981093228,Reality
0.3511632000652871,-1.2681396981112507,-1.1197088364216257,-1.1397009233082653,0.9757122491159149,-1.1397009233082653,0.23120081891250313,0.6378004561997064,-1.1397009233082653,-1.8497544863931825,-1.1397009233082653,-1.7850144160877368,0.01520896436652519,0.48611113383330873,-0.4959607112959528,Comedy
0.9596769420894794,2.0003371495018527,-0.07925725520725724,-0.09360764606177241,-1.478215229184696,-0.09360764606177241,0.10347293414740182,-1.4584948777846516,-0.09360764606177241,1.6247264951194034,-0.09360764606177241,-0.7616644682715619,1.6120640518207559,1.5943736157982396,-0.2648540482250964,Reality
0.5023549382721895,-1.5696272191542804,-1.411244255997568,-3.075083983646455,1.4325397447695123,-3.075083983646455,-1.431163759263267,-0.2327386198966491,-3.075083983646455,-3.121028133496778,-3.075083983646455,-4.053413490032753,0.30152082125423496,1.6211477878403409,-1.5586594899833877,Comedy
-1.5308442587268785,-2.299291711352848,-1.801061897045343,1.4025828092756594,-1.633593442839855,1.4025828092756594,0.9282625214015362,-0.8311409847679372,1.4025828092756594,-1.0562820954360943,1.4025828092756594,0.23033107843902179,-0.7243181133382246,-0.6310986922003214,0.9123602015215296,Comedy
52.64437848666199,-0.19146141954902088,-0.5145010549571445,-1.9897951802795601,-0.5537919845362576,-1.9897951802795601,-1.1376935489609072,0.19599503369804452,-1.9897951802795601,-1.7637421777850233,-1.9897951802795601,-2.807949088785989,0.7103542468362949,1.0138279708180717,0.8166052795061861,Comedy
1.9479180481596643,-1.3442828437618324,-2.605381601174891,-0.09676492999026476,0.1904087070410232,-0.09676492999026476,0.31610451678789653,0.3471111960214851,-0.09676492999026476,0.7362474469897632,-0.09676492999026476,-0.04734082069019273,-0.022531820336767705,2.354501899158432,-0.08750467934170578,Reality
0.06094238596516666,-1.2285588473614493,0.7827533328952802,-1.6621535291002127,-0.2853511113669989,-1.6621535291002127,-0.22177179172489736,-1.0196990703152637,-1.6621535291002127,-0.3705985919262648,-1.6621535291002127,0.5898856591928372,-1.814455582267257,0.265589724112285,-0.13022771854909956,Drama
-0.4425007376729042,0.5213042436991339,-0.18314897955925757,1.869565883823914,-1.7689480100039772,1.869565883823914,0.0054830888106928355,1.2903368817835426,1.869565883823914,-0.16567020642374408,1.869565883823914,0.42430842490005505,0.8253428388709663,-1.5013742752813082,0.4552822390713771,Comedy
-1.5744045669652356,0.4981387108255027,0.17248633884428344,-0.16008476132305927,-0.19424869383711138,-0.16008476132305927,-0.5097830180993654,-1.1205034262434082,-0.16008476132305927,-0.06763513408878419,-0.16008476132305927,-1.2297679776201826,0.5728353649247416,0.36962091758782173,-0.2941685123660736,Reality
0.40309029834709587,1.6629594854179999,0.3127074766130803,0.3813405702288799,0.6608353248281564,0.3813405702288799,0.8132431162590936,-0.43106495978329484,0.3813405702288799,-1.3290013776248617,0.3813405702288799,-1.7852344216603302,2.047636476972551,-1.236959282925261,-0.1691199381173072,Reality
3.0598690386398273,2.9658387534314326,2.022967822843726,-0.05177208996783422,-0.9148265124781376,-0.05177208996783422,0.14531182721974567,-0.34469685785420134,-0.05177208996783422,,-0.05177208996783422,0.7019538544441923,1.3944595285229442,-1.3820166159974159,1.388727433850572,Comedy
1.8652049362609509,0.1044326145935778,-1.2573105611116167,-0.569699600963311,0.16732157563366426,-0.569699600963311,-0.1472573632657308,-1.1035755701764454,-0.569699600963311,-0.7874161936824153,-0.569699600963311,-1.5383120409657693,1.1395937718278815,0.8554609605061444,-0.42771626533502527,Reality
-1.1698823660658115,0.8956854388050163,1.290789364041368,1.092651462991356,-1.4631307413605825,1.092651462991356,-0.41572684613388544,1.2509802451157568,1.092651462991356,-0.6137069328257858,1.092651462991356,0.3512406521498362,0.3823496402131878,-2.2334326219115996,-1.1968945038692878,Comedy
3.986516607833128,2.8491888005065995,-0.7768528223193942,,-1.0073700007155504,,-0.3602849244613032,-1.3004728658082507,-2.1954861088340234,0.6413772954563293,-2.1954861088340234,-3.291227774305582,3.124117722316168,3.2016203491910047,-1.2509162562569232,Comedy
1.0876989505633239,0.7810554945743893,1.0315037355292391,0.9276427345127258,-0.08040200597852727,0.9276427345127258,-0.17028353149631897,-0.6080503444590345,0.9276427345127258,-0.38799278727435693,0.9276427345127258,1.2468668735725295,0.17984820889955055,-2.1397138771873117,1.3803509142890984,Comedy
2.6331511486349157,4.607984184247693,1.4103355445561903,-2.943298567737008,-1.9842074810420867,-2.943298567737008,-1.219348925048469,0.14844367776774214,-2.943298567737008,0.2111870512638605,-2.943298567737008,-4.3137008405750725,3.7377919067428023,2.2440880564999186,1.6036781225862724,Comedy
-0.5100899482135486,0.2797436410550137,0.2866660846182453,0.6831438836496766,-1.3567725445445418,0.6831438836496766,0.7611102680043981,-0.9488218675982149,0.6831438836496766,-1.691230896991811,0.6831438836496766,-0.7791852462213371,0.7467002688600876,-1.9161038647847464,0.03650517328234106,Comedy
1.4689060024151401,0.41053209358093207,-0.9670986932793031,-0.9278506596674487,-0.8466856018372358,-0.9278506596674487,0.9459338119963538,-0.1735882330367372,-0.9278506596674487,,-0.9278506596674487,-1.7275362823764973,1.1379406883023084,1.3809262964591038,-1.2327512224447272,Comedy
2.832853475819957,1.8162521726303789,1.1880027952660484,0.07879578393395337,-0.65298375434403,0.07879578393395337,0.5920296259850278,-1.4758489440149154,0.07879578393395337,0.7199965723543846,0.07879578393395337,1.1743492111801188,0.6669690689355691,-0.7981721153357189,-0.569205881686261,Comedy
3.114112881838995,1.4797661765182257,2.040796442616967,0.17799093594529847,0.6473669247860243,0.17799093594529847,1.3050330847606881,-0.10934228935192437,0.17799093594529847,-1.7760421690620638,0.17799093594529847,1.0186326414249143,0.5385506666447339,-3.5550737452129884,0.8181276136866126,Drama
2.4833911691193356,0.4262474294161567,0.9557195975109297,1.9662555955242191,-0.5912925493428905,1.9662555955242191,1.845556660855725,-0.7486661557802997,1.9662555955242191,0.14979363052640315,1.9662555955242191,3.3425328326520596,-0.4437362661367348,-3.041586174985316,-0.1566871315712371,Comedy
2.2300668642647627,2.2413915733484178,0.5795438545296974,-0.32424236426991526,1.2753204367101953,-0.32424236426991526,0.04763213916628783,-0.4249670688824875,-0.32424236426991526,,-0.32424236426991526,-1.4561641780602357,2.133883641716876,-0.6304628776006025,-1.1798328236216085,Comedy
2.3483150744721453,2.816928081560364,0.42364495715784334,0.11183835306432677,0.14656513711909544,0.11183835306432677,-1.1098400960896155,1.753671702913253,0.11183835306432677,1.0220056519514604,0.11183835306432677,-0.6788468672214385,2.2531874387760578,0.44386446211808694,1.761598169069105,Reality
0.9704872830615452,0.5011784586928598,0.021987871282308613,0.47904259071978184,0.5966048632468549,0.47904259071978184,0.10727213456904845,-1.0573198264842325,0.47904259071978184,-1.9723576767370679,0.47904259071978184,-0.9548616083427799,1.1584944076939807,-1.895610040052317,-0.8666308970092379,Comedy
-1.0417565032907938,1.5878909253249351,1.3439218037554879,-0.6998853491685154,-0.6965803149148548,-0.6998853491685154,0.1401493593366913,-1.0991107634577149,-0.6998853491685154,-1.0575625938909143,-0.6998853491685154,-1.9572928671625731,1.228555802159322,-0.7393177143788319,-0.3830523824648671,Reality
-0.7382124750434194,-1.626142763864281,0.2583541077385736,-2.340341890555936,1.0230970261720356,-2.340341890555936,-1.1157994832446203,-0.020334685672436712,-2.340341890555936,-1.9293143578342689,-2.340341890555936,-1.4537498321189313,-1.2721145338676707,0.3884898701210375,1.0424171332793393,Drama
1.0792695921435822,0.06296780745664265,0.20105770861410877,-0.41927959610594917,0.42706852727252387,-0.41927959610594917,-0.1327979589948497,1.567736204171263,-0.41927959610594917,-0.08851352953914804,-0.41927959610594917,0.2523207089190116,-0.1365161565896128,-0.04538596562487229,0.6474063339008221,Drama
0.3621864393258911,2.58479385367018,2.149147727204202,0.329862431234686,0.9060181316449012,0.329862431234686,-2.639729848142521,-0.72098256745787,0.329862431234686,0.07984248960065154,0.329862431234686,0.03625966310895493,1.248868340867153,-1.7193976125132442,0.1075847052839047,Comedy
-0.5648158473551741,-2.527925973990536,-1.8989622728966506,-0.9912893550181077,-0.6101935591123133,-0.9912893550181077,1.2207839960166833,-0.7750166244602569,-0.9912893550181077,-1.272519392402787,-0.9912893550181077,-1.2166710814358956,-0.9396297371213271,1.3432285505137196,-2.376641234263495,Comedy
0.09045040809632221,-0.21459974936899484,-0.6017757841570156,-0.10498766328355535,-0.6067272893301504,-0.10498766328355535,-0.7075658168035135,1.2034119131336083,-0.10498766328355535,-1.3186875050459046,-0.10498766328355535,-1.3030751938942697,0.6516291242826656,-0.30908172993385197,0.45724313073155276,Comedy
1.2155813733647267,-0.07749598566252634,-1.2373833863080674,-2.4627799953080443,-0.2879477855641946,-2.4627799953080443,1.2519285958999073,0.5772362980208364,-2.4627799953080443,,-2.4627799953080443,-4.225526926804798,1.5554008918558742,1.532189623648929,0.04595707719311108,Comedy
-5.218410419678296,-3.0372868833764923,-0.7297177510168902,-2.232528737174952,0.7075433126760742,-2.232528737174952,-2.5290367927794026,-0.2641805755136775,-2.232528737174952,-0.07470944569912985,-2.232528737174952,-1.784142343668993,-2.4069479878173796,3.0103284684287757,-0.8263316911851672,Reality
1.447012740301796,0.21409791387979832,-0.854109778015069,-1.6478405930204023,0.393249468763685,-1.6478405930204023,0.7515962003984744,0.51419738642377,-1.6478405930204023,-1.1646983573122585,-1.6478405930204023,-2.5125658324560507,1.1218820154220157,1.3460816554041823,-0.5909075502673932,Comedy
0.17395939161246987,-0.6237071850746522,-0.7135042302121721,-1.7632161125228638,0.4421847425663585,-1.7632161125228638,-0.2382790583828361,0.46383290918508513,-1.7632161125228638,-1.2511555211455931,-1.7632161125228638,-2.216751173732345,0.22837890708388642,1.300205158219053,-0.563067554375338,Drama
0.7033040977522396,1.7275345642285764,0.24019095483829078,,-0.783128899154746,,-1.8005283541719879,0.6509537842026696,-1.1890445930778355,-1.2391584100844588,-1.1890445930778355,-2.9706133779854182,2.094138626497377,0.34314101140729875,-1.0098840857469205,Reality
-1.1508479942992778,-1.5594543071694467,-0.6014510124694488,2.6066986483165713,-0.0001105038999010338,2.6066986483165713,0.7269934764537488,-1.418291336057858,2.6066986483165713,-2.516595116489408,2.6066986483165713,0.8983403163044636,-0.27336377086800656,-3.8042610525569427,-0.08080172771257556,Comedy
1.3127848329336402,-0.0636043963647725,-0.4673656124276505,-1.059645768173649,-0.5092419041166474,-1.059645768173649,1.8651578452207385,1.0151440642412142,-1.059645768173649,0.23920497240960126,-1.059645768173649,-0.5051867225032677,0.06256043220778285,1.3444230235710624,-1.1855568033597563,Comedy
0.8449957324468638,1.3562662607258045,0.3125551940465301,,-0.12083315781785124,,-0.626173112716401,1.0008083508011656,-0.08343932472452342,0.10772596442046756,-0.08343932472452342,-0.6996625967817347,1.1628825062585186,0.031902433970434435,-0.058783016151741044,Comedy
-0.36125977602795895,1.6185597618834169,1.44047142480688,-1.1380742406236992,-0.0851783625438073,-1.1380742406236992,0.5818977052866647,0.025395691502267666,-1.1380742406236992,-0.5973049306763523,-1.1380742406236992,-1.6239411680832363,0.9704980449061286,-0.22133845184499581,1.2330206714057055,Reality
-0.9698133939414284,0.48901857073233074,-0.45926753978620427,0.03937870686044931,1.2537302694029246,0.03937870686044931,0.8943499486297353,0.4164422319867031,0.03937870686044931,-3.0941696641782563,0.03937870686044931,-3.4083089693612934,2.0357685364997726,-1.4235879834976561,0.2863233316429923,Comedy
-0.0362275817212091,0.7212882109444378,-1.2787855877972765,-1.6544472484068438,-0.00295994832435506,-1.6544472484068438,1.9655780016912459,-1.3947868310303886,-1.6544472484068438,-0.9361002123071449,-1.6544472484068438,-4.026965736996642,2.0251675426625715,2.3236183655351725,-0.2604361486396949,Reality
0.33612142094703784,-0.8268003419799613,0.37904077649743584,0.18201158635886416,0.37108276013991714,0.18201158635886416,0.16262190047558972,0.07797139076111746,0.18201158635886416,1.574829050604204,0.18201158635886416,2.5797413100362676,-1.7622566312694206,0.2818338462588923,0.8281661002492916,Drama
-0.08944691230073876,-1.844752651710028,-0.5123647936020896,-0.2804352845925121,-0.4831088246317457,-0.2804352845925121,1.0221608089423126,-0.17560357963504897,-0.2804352845925121,0.5280391311078634,-0.2804352845925121,1.47042084568372,-1.8464811284151423,0.6731995676845045,-0.6074638114501943,Reality
1.3703974114826774,-0.7622620917724056,-2.037911972669936,-1.025505183913169,-0.20446986271488188,-1.025505183913169,0.15949257690335958,0.3709089944996467,-1.025505183913169,0.18694515229110276,-1.025505183913169,-1.4093092464705919,0.4373632405759424,2.577545833881899,0.8967590499505691,Comedy
-1.6822608885363268,-3.5623945645254285,-1.6862761503262118,-0.9919184619978167,-1.895110915570197,-0.9919184619978167,0.21666102455104855,-1.9348943293315557,-0.9919184619978167,-1.9414845103998597,-0.9919184619978167,-0.8539963387322357,-1.9079081411747023,0.6403867761739866,0.45418406368866465,Comedy
1.8593163447015382,1.8700841015393923,0.48251375873485314,-1.207401788564719,-1.6801919316592837,-1.207401788564719,0.6058219849588176,-0.30763468336580413,-1.207401788564719,-0.1146759435154242,-1.207401788564719,-1.6232363462284376,1.5884083562194204,0.7176920298971259,0.09293646232090284,Comedy
2.9878467577862198,0.988536634478815,-1.2696027622898391,-2.311480014802922,-0.11067044481811292,-2.311480014802922,0.9016680907126491,-0.07757276367454738,-2.311480014802922,0.18109949013368032,-2.311480014802922,-2.7087686893655563,1.6686727107107702,3.191256226713701,0.8278840702003399,Comedy
-0.48272176599794747,-0.6783178745830203,-0.939198559565366,0.15855814146256053,0.3811203807626775,0.15855814146256053,0.051774834124255834,-1.225401123683855,0.15855814146256053,-1.3849184535131038,0.15855814146256053,-1.27075140739196,0.45632499831900375,-0.2904335268271132,-0.9581153752938155,Comedy
2.1341025620245815,1.626331345486338,1.7315349195213465,1.130037369103841,-0.4663631694842723,1.130037369103841,0.2344246252235635,0.03219252011294741,1.130037369103841,0.12732932311744205,1.130037369103841,2.0710087038754033,0.34503579341641527,-2.631351220387383,0.2516200497175658,Comedy
0.4875675056355207,1.4231459522029186,0.006546329225747605,,-0.35762506143346756,,-3.3352183693217983,-0.8299801053279426,-0.8506769877102183,-1.7714679307026628,-0.8506769877102183,-3.0744752305816987,2.135899123791792,-0.1575267324909167,-0.37000461641285715,Comedy
2.6881589508824684,5.175726990971744,3.4696969751888096,-1.6501413202388957,9.56864478965706e-05,-1.6501413202388957,-1.8805442595398458,-1.0454176512747455,-1.6501413202388957,2.119835900227943,-1.6501413202388957,-0.46078013379032806,2.223029949031579,0.5110559093006909,0.542140900108791,Comedy
69.5680995430375,-1.015097093303075,-1.3758800031765879,-2.1242117207269855,0.4410654601171698,-2.1242117207269855,-1.544662246713779,1.1851858939188635,-2.1242117207269855,-1.9385006814154577,-2.1242117207269855,-2.994893225383908,0.46875478569965445,1.5990029282735345,-0.9934818947177076,Comedy
-1.5149860529083454,-2.115687693539696,-0.9047641646853166,-0.27842250973614424,-1.8446483387228627,-0.27842250973614424,-1.2610121405657813,0.5560582193675448,-0.27842250973614424,-2.612284833341938,-0.27842250973614424,-1.339805988067598,-0.6440690117127876,-0.9110411007897649,0.13840678268074066,Comedy
2.407724944704669,-0.21049257361252005,-0.2786473015171633,-1.2337830673161643,1.4567956245241325,-1.2337830673161643,-0.7193994477225576,1.5645849031723968,-1.2337830673161643,0.6863331027407698,-1.2337830673161643,0.5002173841729322,-0.4826219005125185,1.3913171547869454,2.0277037284827566,Drama
0.5098573479944739,-0.12412824472991583,-1.0672231341756522,-0.1594403293108455,-0.05746192204265531,-0.1594403293108455,-0.2070451827888819,1.352691834117997,-0.1594403293108455,-1.9017051141184467,-0.1594403293108455,-2.1160081316595907,1.2569628204744356,-0.2764618329146421,-0.17537407880877245,Comedy
-400.11669289864244,-2.035495806201314,-1.1373787187197322,,-0.9093404944486723,,-0.10607403379209256,-0.9798025915590112,0.2179123743320095,-0.842000053979092,0.2179123743320095,-1.2712564761735876,-0.8043482657837409,0.555218763881328,0.28105771817670155,Reality
-96.27203662781345,-0.31594951511468183,1.721613434285187,2.6178759546145876,1.1933974384056003,2.6178759546145876,0.5211554810532234,1.08111460910121,2.6178759546145876,-0.5469403341766663,2.6178759546145876,3.412508699406412,-1.2826352797490979,-4.3849662114582975,1.3152164752985915,Comedy
3.007073986915624,1.383940449292585,2.2866489778682935,1.8134124345930631,-1.9068390104307078,1.8134124345930631,0.026260148454588787,0.5190562227921168,1.8134124345930631,1.7775052626474108,1.8134124345930631,4.913801124169743,-0.9627298375624875,-2.8986522085874946,-2.8777079990806604,Comedy
0.5829838284094291,-0.9772851535560512,-0.7649168086150722,-1.8920043649921692,-1.0903649284839034,-1.8920043649921692,-0.48145611388950055,-0.06963902726294868,-1.8920043649921692,-1.8814293681457146,-1.8920043649921692,-2.222509175978822,0.06273376443312473,0.8706671663777106,-0.6691969282127005,Comedy
-2.0468474276556132,0.7182728228437752,-0.34487615822605644,1.32690305495027,-0.32165351632319805,1.32690305495027,-0.7834466011690575,1.6134831466915667,1.32690305495027,-1.3934649717945207,1.32690305495027,-1.9072532701917564,1.7119798454826687,-1.3196281542143746,1.986871991643675,Reality
-0.932567133345944,0.5753132787862869,-0.17233498631160726,1.41440523864976,-0.061730343298780146,1.41440523864976,-2.5373256798326707,-0.3357898379370613,1.41440523864976,-1.0126293402360353,1.41440523864976,-0.7509412990471676,1.2080551970058913,-1.5542880112513509,-0.24953567136692348,Comedy
1.946507048951999,1.4641657681734734,-0.11087350150656616,-0.9022595460737663,0.6700334002615586,-0.9022595460737663,1.0876480812656957,0.20306267148378157,-0.9022595460737663,0.6412660725061634,-0.9022595460737663,-1.054813484385145,1.299553073546143,1.3919507085504819,-0.5363964325166368,Comedy
0.9992330887290357,2.4719994667246588,-1.0129057464824316,-3.047316246378151,0.0016224411892759975,-3.047316246378151,2.0629157198951775,0.9198378117545264,-3.047316246378151,1.9493434697681482,-3.047316246378151,-4.337465699125477,2.6468301194370696,5.616263912578392,1.7993652049402915,Drama
